user_id,movie,rating,timestamp,source,reason
U001,Gladiator Legacy,3.5,2026-01-15 10:00:00,history,Donnée importée via pipeline ETL vectorisé
U001,The Hangover Original,3.8,2026-02-03 18:30:00,history,Donnée importée via pipeline ETL vectorisé
U001,Superbad Original,3.4,2026-06-01 00:00:00,history,Donnée importée via pipeline ETL vectorisé
U001,Titanic Original,3.6,2026-03-08 14:15:00,history,Donnée importée via pipeline ETL vectorisé
U001,Spirited Away Original,2.7,2026-03-25 20:00:00,history,Donnée importée via pipeline ETL vectorisé
U001,The Dark Knight Original,3.5,2026-04-10 16:45:00,history,Donnée importée via pipeline ETL vectorisé
U001,Parasite Original,3.2,2026-05-01 19:30:00,history,Donnée importée via pipeline ETL vectorisé
U002,Superbad Original,4.4,2026-01-15 10:00:00,history,Donnée importée via pipeline ETL vectorisé
U002,The Hangover Original,4.7,2026-02-03 18:30:00,history,Donnée importée via pipeline ETL vectorisé
U002,Interstellar Original,3.9,2026-02-20 21:00:00,history,Donnée importée via pipeline ETL vectorisé
U002,Gladiator Legacy,3.6,2026-03-08 14:15:00,history,Donnée importée via pipeline ETL vectorisé
U003,The Matrix Original,4.1,2026-01-15 10:00:00,history,Donnée importée via pipeline ETL vectorisé
U003,Gladiator Original,4.3,2026-02-03 18:30:00,history,Donnée importée via pipeline ETL vectorisé
U003,The Dark Knight Original,4.7,2026-02-20 21:00:00,history,Donnée importée via pipeline ETL vectorisé
U003,La La Land Original,1.5,2026-03-08 14:15:00,history,Donnée importée via pipeline ETL vectorisé
U003,Avatar Original,4.1,2026-03-25 20:00:00,history,Donnée importée via pipeline ETL vectorisé
U003,La La Land Saga,4.6,2026-04-10 16:45:00,history,Donnée importée via pipeline ETL vectorisé
U003,Pulp Fiction Original,3.9,2026-05-01 19:30:00,history,Donnée importée via pipeline ETL vectorisé
U004,The Dark Knight Original,2.7,2026-01-15 10:00:00,history,Donnée importée via pipeline ETL vectorisé
U004,Titanic Original,3.9,2026-02-03 18:30:00,history,Donnée importée via pipeline ETL vectorisé
U004,The Matrix Original,4.7,2026-02-20 21:00:00,history,Donnée importée via pipeline ETL vectorisé
U005,La La Land Original,2.7,2026-01-15 10:00:00,history,Donnée importée via pipeline ETL vectorisé
U005,Parasite Original,3.4,2026-02-03 18:30:00,history,Donnée importée via pipeline ETL vectorisé
U005,The Conjuring Original,4.8,2026-02-20 21:00:00,history,Donnée importée via pipeline ETL vectorisé
U005,Get Out Original,4.2,2026-03-08 14:15:00,history,Donnée importée via pipeline ETL vectorisé
U005,Seven Reborn,3.5,2026-03-25 20:00:00,history,Donnée importée via pipeline ETL vectorisé
U006,Interstellar Original,3.7,2026-06-01 00:00:00,history,Donnée importée via pipeline ETL vectorisé
U006,The Dark Knight Original,3.1,2026-02-03 18:30:00,history,Donnée importée via pipeline ETL vectorisé
U006,Seven Original,3.6,2026-02-20 21:00:00,history,Donnée importée via pipeline ETL vectorisé
U007,Titanic Original,3.7,2026-01-15 10:00:00,history,Donnée importée via pipeline ETL vectorisé
U007,La La Land Original,4.0,2026-02-03 18:30:00,history,Donnée importée via pipeline ETL vectorisé
U007,Seven Reborn,4.7,2026-02-20 21:00:00,history,Donnée importée via pipeline ETL vectorisé
U007,Gladiator Legacy,4.6,2026-03-25 20:00:00,history,Donnée importée via pipeline ETL vectorisé
U008,Avatar Original,1.3,2026-01-15 10:00:00,history,Donnée importée via pipeline ETL vectorisé
U008,Toy Story Original,4.4,2026-02-03 18:30:00,history,Donnée importée via pipeline ETL vectorisé
U008,Superbad Original,3.8,2026-02-20 21:00:00,history,Donnée importée via pipeline ETL vectorisé
U008,La La Land Saga,2.9,2026-03-08 14:15:00,history,Donnée importée via pipeline ETL vectorisé
U009,Gladiator Original,3.8,2026-01-15 10:00:00,history,Donnée importée via pipeline ETL vectorisé
U009,Pulp Fiction Original,3.8,2026-02-03 18:30:00,history,Donnée importée via pipeline ETL vectorisé
U009,Parasite Original,4.7,2026-02-20 21:00:00,history,Donnée importée via pipeline ETL vectorisé
U009,The Matrix Reloaded,2.5,2026-03-08 14:15:00,history,Donnée importée via pipeline ETL vectorisé
U009,Titanic Original,5.0,2026-03-25 20:00:00,history,Donnée importée via pipeline ETL vectorisé
U010,Blade Runner 2049 Original,3.0,2026-01-15 10:00:00,history,Donnée importée via pipeline ETL vectorisé
U010,The Matrix Reloaded,5.0,2026-02-03 18:30:00,history,Donnée importée via pipeline ETL vectorisé
U010,Pulp Fiction Original,3.9,2026-02-20 21:00:00,history,Donnée importée via pipeline ETL vectorisé
U010,Gladiator Legacy,3.5,2026-03-08 14:15:00,history,Donnée importée via pipeline ETL vectorisé
U010,La La Land Saga,3.0,2026-03-25 20:00:00,history,Donnée importée via pipeline ETL vectorisé
U010,Titanic Original,3.4,2026-04-10 16:45:00,history,Donnée importée via pipeline ETL vectorisé
U011,Superbad Original,3.2,2026-01-15 10:00:00,history,Donnée importée via pipeline ETL vectorisé
U011,Blade Runner 2049 Original,3.0,2026-02-03 18:30:00,history,Donnée importée via pipeline ETL vectorisé
U011,The Hangover Original,2.9,2026-02-20 21:00:00,history,Donnée importée via pipeline ETL vectorisé
U011,Gladiator Legacy,2.6,2026-03-08 14:15:00,history,Donnée importée via pipeline ETL vectorisé
U011,Pulp Fiction Original,3.9,2026-03-25 20:00:00,history,Donnée importée via pipeline ETL vectorisé
U011,Parasite Original,3.0,2026-04-10 16:45:00,history,Donnée importée via pipeline ETL vectorisé
U012,Get Out Original,2.3,2026-01-15 10:00:00,history,Donnée importée via pipeline ETL vectorisé
U012,Seven Original,5.0,2026-02-03 18:30:00,history,Donnée importée via pipeline ETL vectorisé
U012,The Hangover Original,4.5,2026-02-20 21:00:00,history,Donnée importée via pipeline ETL vectorisé
U012,Superbad Original,4.2,2026-03-08 14:15:00,history,Donnée importée via pipeline ETL vectorisé
U012,Avatar Original,1.8,2026-03-25 20:00:00,history,Donnée importée via pipeline ETL vectorisé
U012,La La Land Saga,4.4,2026-04-10 16:45:00,history,Donnée importée via pipeline ETL vectorisé
U013,The Matrix Original,4.5,2026-01-15 10:00:00,history,Donnée importée via pipeline ETL vectorisé
U013,Avatar Original,3.8,2026-02-03 18:30:00,history,Donnée importée via pipeline ETL vectorisé
U013,Toy Story Original,1.8,2026-02-20 21:00:00,history,Donnée importée via pipeline ETL vectorisé
U013,Pulp Fiction Original,3.7,2026-03-08 14:15:00,history,Donnée importée via pipeline ETL vectorisé
U013,Gladiator Original,4.0,2026-03-25 20:00:00,history,Donnée importée via pipeline ETL vectorisé
U014,Superbad Original,3.2,2026-01-15 10:00:00,history,Donnée importée via pipeline ETL vectorisé
U014,The Matrix Reloaded,3.5,2026-02-03 18:30:00,history,Donnée importée via pipeline ETL vectorisé
U014,Toy Story Evolution,2.9,2026-02-20 21:00:00,history,Donnée importée via pipeline ETL vectorisé
U015,La La Land Saga,5.0,2026-01-15 10:00:00,history,Donnée importée via pipeline ETL vectorisé
U015,The Conjuring Original,4.0,2026-02-20 21:00:00,history,Donnée importée via pipeline ETL vectorisé
U015,Get Out Original,5.0,2026-03-08 14:15:00,history,Donnée importée via pipeline ETL vectorisé
U015,Seven Reborn,4.4,2026-03-25 20:00:00,history,Donnée importée via pipeline ETL vectorisé
U015,Interstellar Original,5.0,2026-04-10 16:45:00,history,Donnée importée via pipeline ETL vectorisé
U016,Avatar Original,3.8,2026-01-15 10:00:00,history,Donnée importée via pipeline ETL vectorisé
U016,Interstellar Original,3.4,2026-02-03 18:30:00,history,Donnée importée via pipeline ETL vectorisé
U016,Seven Original,3.6,2026-02-20 21:00:00,history,Donnée importée via pipeline ETL vectorisé
U016,Parasite Original,4.2,2026-03-08 14:15:00,history,Donnée importée via pipeline ETL vectorisé
U016,Titanic Original,4.8,2026-03-25 20:00:00,history,Donnée importée via pipeline ETL vectorisé
U017,Titanic Original,4.4,2026-01-15 10:00:00,history,Donnée importée via pipeline ETL vectorisé
U017,Parasite Original,3.0,2026-02-03 18:30:00,history,Donnée importée via pipeline ETL vectorisé
U017,La La Land Original,4.2,2026-02-20 21:00:00,history,Donnée importée via pipeline ETL vectorisé
U017,The Conjuring Original,4.4,2026-03-08 14:15:00,history,Donnée importée via pipeline ETL vectorisé
U017,The Matrix Original,2.9,2026-03-25 20:00:00,history,Donnée importée via pipeline ETL vectorisé
U018,Spirited Away Original,3.5,2026-01-15 10:00:00,history,Donnée importée via pipeline ETL vectorisé
U018,Superbad Original,3.3,2026-02-03 18:30:00,history,Donnée importée via pipeline ETL vectorisé
U018,Toy Story Original,3.7,2026-02-20 21:00:00,history,Donnée importée via pipeline ETL vectorisé
U018,Avatar Original,1.9,2026-03-08 14:15:00,history,Donnée importée via pipeline ETL vectorisé
U018,Pulp Fiction Original,4.9,2026-03-25 20:00:00,history,Donnée importée via pipeline ETL vectorisé
U019,Titanic Original,4.5,2026-01-15 10:00:00,history,Donnée importée via pipeline ETL vectorisé
U019,Parasite Original,5.0,2026-02-03 18:30:00,history,Donnée importée via pipeline ETL vectorisé
U019,Pulp Fiction Original,4.5,2026-02-20 21:00:00,history,Donnée importée via pipeline ETL vectorisé
U019,Gladiator Original,3.8,2026-03-08 14:15:00,history,Donnée importée via pipeline ETL vectorisé
U020,The Dark Knight Original,2.8,2026-01-15 10:00:00,history,Donnée importée via pipeline ETL vectorisé
U020,The Conjuring Original,3.4,2026-02-03 18:30:00,history,Donnée importée via pipeline ETL vectorisé
U020,Gladiator Legacy,3.1,2026-02-20 21:00:00,history,Donnée importée via pipeline ETL vectorisé
U020,Seven Reborn,3.4,2026-03-25 20:00:00,history,Donnée importée via pipeline ETL vectorisé
U020,Get Out Original,3.1,2026-04-10 16:45:00,history,Donnée importée via pipeline ETL vectorisé
U020,The Matrix Reloaded,2.5,2026-05-01 19:30:00,history,Donnée importée via pipeline ETL vectorisé
U021,Parasite Original,3.1,2026-01-15 10:00:00,history,Donnée importée via pipeline ETL vectorisé
U021,La La Land Saga,3.8,2026-02-03 18:30:00,history,Donnée importée via pipeline ETL vectorisé
U021,Toy Story Evolution,3.2,2026-02-20 21:00:00,history,Donnée importée via pipeline ETL vectorisé
U022,The Hangover Original,4.9,2026-01-15 10:00:00,history,Donnée importée via pipeline ETL vectorisé
U022,Superbad Original,4.8,2026-02-03 18:30:00,history,Donnée importée via pipeline ETL vectorisé
U022,Parasite Original,3.5,2026-02-20 21:00:00,history,Donnée importée via pipeline ETL vectorisé
U022,La La Land Saga,3.8,2026-03-08 14:15:00,history,Donnée importée via pipeline ETL vectorisé
U022,Gladiator Legacy,4.1,2026-03-25 20:00:00,history,Donnée importée via pipeline ETL vectorisé
U022,Pulp Fiction Original,3.1,2026-04-10 16:45:00,history,Donnée importée via pipeline ETL vectorisé
U023,Gladiator Original,4.0,2026-01-15 10:00:00,history,Donnée importée via pipeline ETL vectorisé
U023,Avatar Original,3.6,2026-02-03 18:30:00,history,Donnée importée via pipeline ETL vectorisé
U023,The Dark Knight Original,4.1,2026-02-20 21:00:00,history,Donnée importée via pipeline ETL vectorisé
U024,The Matrix Original,4.9,2026-01-15 10:00:00,history,Donnée importée via pipeline ETL vectorisé
U024,La La Land Original,1.4,2026-02-20 21:00:00,history,Donnée importée via pipeline ETL vectorisé
U024,Interstellar Original,4.5,2026-03-08 14:15:00,history,Donnée importée via pipeline ETL vectorisé
U024,Pulp Fiction Original,3.9,2026-03-25 20:00:00,history,Donnée importée via pipeline ETL vectorisé
U025,Get Out Original,4.0,2026-01-15 10:00:00,history,Donnée importée via pipeline ETL vectorisé
U025,Interstellar Original,2.9,2026-02-03 18:30:00,history,Donnée importée via pipeline ETL vectorisé
U025,The Conjuring Original,4.5,2026-02-20 21:00:00,history,Donnée importée via pipeline ETL vectorisé
U025,Gladiator Legacy,3.5,2026-03-08 14:15:00,history,Donnée importée via pipeline ETL vectorisé
U026,Seven Original,5.0,2026-01-15 10:00:00,history,Donnée importée via pipeline ETL vectorisé
U026,Parasite Original,4.1,2026-02-03 18:30:00,history,Donnée importée via pipeline ETL vectorisé
U026,Avatar Original,3.8,2026-02-20 21:00:00,history,Donnée importée via pipeline ETL vectorisé
U026,Titanic Original,3.5,2026-03-08 14:15:00,history,Donnée importée via pipeline ETL vectorisé
U027,La La Land Original,4.6,2026-01-15 10:00:00,history,Donnée importée via pipeline ETL vectorisé
U027,Titanic Original,3.5,2026-02-03 18:30:00,history,Donnée importée via pipeline ETL vectorisé
U027,Seven Reborn,4.1,2026-02-20 21:00:00,history,Donnée importée via pipeline ETL vectorisé
U027,Blade Runner 2049 Original,4.5,2026-03-08 14:15:00,history,Donnée importée via pipeline ETL vectorisé
U027,Interstellar Original,3.5,2026-03-25 20:00:00,history,Donnée importée via pipeline ETL vectorisé
U027,Spirited Away Original,4.1,2026-04-10 16:45:00,history,Donnée importée via pipeline ETL vectorisé
U027,Gladiator Original,1.6,2026-05-01 19:30:00,history,Donnée importée via pipeline ETL vectorisé
U028,Parasite Original,3.6,2026-01-15 10:00:00,history,Donnée importée via pipeline ETL vectorisé
U028,Gladiator Legacy,3.4,2026-02-03 18:30:00,history,Donnée importée via pipeline ETL vectorisé
U028,Avatar Original,1.2,2026-02-20 21:00:00,history,Donnée importée via pipeline ETL vectorisé
U029,Gladiator Original,4.2,2026-01-15 10:00:00,history,Donnée importée via pipeline ETL vectorisé
U029,Parasite Original,4.4,2026-02-03 18:30:00,history,Donnée importée via pipeline ETL vectorisé
U029,Gladiator Legacy,3.2,2026-02-20 21:00:00,history,Donnée importée via pipeline ETL vectorisé
U029,Titanic Original,4.0,2026-03-08 14:15:00,history,Donnée importée via pipeline ETL vectorisé
U029,Pulp Fiction Original,4.4,2026-03-25 20:00:00,history,Donnée importée via pipeline ETL vectorisé
U029,Interstellar Original,5.0,2026-04-10 16:45:00,history,Donnée importée via pipeline ETL vectorisé
U030,Get Out Original,3.5,2026-01-15 10:00:00,history,Donnée importée via pipeline ETL vectorisé
U030,Seven Reborn,2.5,2026-02-03 18:30:00,history,Donnée importée via pipeline ETL vectorisé
U030,The Conjuring Original,3.7,2026-02-20 21:00:00,history,Donnée importée via pipeline ETL vectorisé
U030,Avatar Part I,3.5,2026-03-08 14:15:00,history,Donnée importée via pipeline ETL vectorisé
U031,Seven Reborn,2.8,2026-01-15 10:00:00,history,Donnée importée via pipeline ETL vectorisé
U031,The Conjuring Original,3.2,2026-02-03 18:30:00,history,Donnée importée via pipeline ETL vectorisé
U031,Pulp Fiction Original,3.4,2026-02-20 21:00:00,history,Donnée importée via pipeline ETL vectorisé
U031,Blade Runner 2049 Original,3.3,2026-03-08 14:15:00,history,Donnée importée via pipeline ETL vectorisé
U031,Spirited Away Original,3.8,2026-03-25 20:00:00,history,Donnée importée via pipeline ETL vectorisé
U031,The Dark Knight Original,3.3,2026-04-10 16:45:00,history,Donnée importée via pipeline ETL vectorisé
U032,Superbad Original,4.3,2026-01-15 10:00:00,history,Donnée importée via pipeline ETL vectorisé
U032,Get Out Original,3.6,2026-02-03 18:30:00,history,Donnée importée via pipeline ETL vectorisé
U032,The Hangover Original,3.8,2026-02-20 21:00:00,history,Donnée importée via pipeline ETL vectorisé
U032,Spirited Away Original,3.6,2026-03-08 14:15:00,history,Donnée importée via pipeline ETL vectorisé
U032,Parasite Original,3.7,2026-04-10 16:45:00,history,Donnée importée via pipeline ETL vectorisé
U033,Avatar Original,4.7,2026-01-15 10:00:00,history,Donnée importée via pipeline ETL vectorisé
U033,Gladiator Original,4.3,2026-02-03 18:30:00,history,Donnée importée via pipeline ETL vectorisé
U033,The Matrix Original,4.1,2026-02-20 21:00:00,history,Donnée importée via pipeline ETL vectorisé
U034,Superbad Original,2.5,2026-02-03 18:30:00,history,Donnée importée via pipeline ETL vectorisé
U034,Seven Reborn,3.0,2026-02-20 21:00:00,history,Donnée importée via pipeline ETL vectorisé
U035,The Conjuring Original,3.9,2026-01-15 10:00:00,history,Donnée importée via pipeline ETL vectorisé
U035,La La Land Saga,3.5,2026-02-03 18:30:00,history,Donnée importée via pipeline ETL vectorisé
U035,Interstellar Original,3.3,2026-02-20 21:00:00,history,Donnée importée via pipeline ETL vectorisé
U035,Titanic Original,2.0,2026-03-08 14:15:00,history,Donnée importée via pipeline ETL vectorisé
U035,Get Out Original,4.1,2026-03-25 20:00:00,history,Donnée importée via pipeline ETL vectorisé
U036,Seven Original,3.5,2026-01-15 10:00:00,history,Donnée importée via pipeline ETL vectorisé
U036,Avatar Original,4.4,2026-02-03 18:30:00,history,Donnée importée via pipeline ETL vectorisé
U036,Parasite Original,3.6,2026-02-20 21:00:00,history,Donnée importée via pipeline ETL vectorisé
U037,Titanic Original,5.0,2026-01-15 10:00:00,history,Donnée importée via pipeline ETL vectorisé
U037,La La Land Original,4.0,2026-02-03 18:30:00,history,Donnée importée via pipeline ETL vectorisé
U037,The Hangover Original,2.9,2026-02-20 21:00:00,history,Donnée importée via pipeline ETL vectorisé
U037,Blade Runner 2049 Original,5.0,2026-03-08 14:15:00,history,Donnée importée via pipeline ETL vectorisé
U037,The Matrix Original,2.8,2026-03-25 20:00:00,history,Donnée importée via pipeline ETL vectorisé
U037,Get Out Original,3.1,2026-04-10 16:45:00,history,Donnée importée via pipeline ETL vectorisé
U037,Interstellar Original,4.7,2026-05-01 19:30:00,history,Donnée importée via pipeline ETL vectorisé
U038,Toy Story Original,4.5,2026-01-15 10:00:00,history,Donnée importée via pipeline ETL vectorisé
U038,Get Out Original,1.2,2026-02-03 18:30:00,history,Donnée importée via pipeline ETL vectorisé
U038,Spirited Away Original,3.2,2026-02-20 21:00:00,history,Donnée importée via pipeline ETL vectorisé
U039,The Matrix Reloaded,2.9,2026-01-15 10:00:00,history,Donnée importée via pipeline ETL vectorisé
U039,Pulp Fiction Original,3.5,2026-06-01 00:00:00,history,Donnée importée via pipeline ETL vectorisé
U039,Gladiator Original,3.8,2026-02-20 21:00:00,history,Donnée importée via pipeline ETL vectorisé
U039,Parasite Original,5.0,2026-03-08 14:15:00,history,Donnée importée via pipeline ETL vectorisé
U039,Titanic Original,4.2,2026-03-25 20:00:00,history,Donnée importée via pipeline ETL vectorisé
U040,Toy Story Evolution,3.0,2026-01-15 10:00:00,history,Donnée importée via pipeline ETL vectorisé
U040,Pulp Fiction Original,3.7,2026-02-03 18:30:00,history,Donnée importée via pipeline ETL vectorisé
U040,Get Out Original,3.0,2026-02-20 21:00:00,history,Donnée importée via pipeline ETL vectorisé
U040,Avatar Part I,3.7,2026-03-08 14:15:00,history,Donnée importée via pipeline ETL vectorisé
U040,The Conjuring Original,2.6,2026-06-01 00:00:00,history,Donnée importée via pipeline ETL vectorisé
U041,The Conjuring Original,3.2,2026-01-15 10:00:00,history,Donnée importée via pipeline ETL vectorisé
U041,The Matrix Reloaded,5.0,2026-02-03 18:30:00,history,Donnée importée via pipeline ETL vectorisé
U041,Parasite Original,3.1,2026-02-20 21:00:00,history,Donnée importée via pipeline ETL vectorisé
U042,Superbad Original,3.8,2026-01-15 10:00:00,history,Donnée importée via pipeline ETL vectorisé
U042,Get Out Original,1.2,2026-02-03 18:30:00,history,Donnée importée via pipeline ETL vectorisé
U042,Titanic Original,3.7,2026-02-20 21:00:00,history,Donnée importée via pipeline ETL vectorisé
U042,The Hangover Original,4.4,2026-03-08 14:15:00,history,Donnée importée via pipeline ETL vectorisé
U042,Parasite Original,2.6,2026-03-25 20:00:00,history,Donnée importée via pipeline ETL vectorisé
U043,Avatar Original,3.6,2026-01-15 10:00:00,history,Donnée importée via pipeline ETL vectorisé
U043,The Matrix Original,4.7,2026-02-03 18:30:00,history,Donnée importée via pipeline ETL vectorisé
U043,La La Land Original,2.0,2026-02-20 21:00:00,history,Donnée importée via pipeline ETL vectorisé
U044,The Matrix Original,4.4,2026-01-15 10:00:00,history,Donnée importée via pipeline ETL vectorisé
U044,Interstellar Original,3.7,2026-02-03 18:30:00,history,Donnée importée via pipeline ETL vectorisé
U044,Titanic Original,3.7,2026-02-20 21:00:00,history,Donnée importée via pipeline ETL vectorisé
U044,Blade Runner 2049 Original,4.8,2026-03-08 14:15:00,history,Donnée importée via pipeline ETL vectorisé
U045,The Conjuring Original,4.3,2026-01-15 10:00:00,history,Donnée importée via pipeline ETL vectorisé
U045,Get Out Original,3.8,2026-02-03 18:30:00,history,Donnée importée via pipeline ETL vectorisé
U045,Superbad Original,4.5,2026-02-20 21:00:00,history,Donnée importée via pipeline ETL vectorisé
U045,Toy Story Evolution,4.7,2026-03-08 14:15:00,history,Donnée importée via pipeline ETL vectorisé
U045,Seven Reborn,3.7,2026-03-25 20:00:00,history,Donnée importée via pipeline ETL vectorisé
U045,Interstellar Original,3.1,2026-04-10 16:45:00,history,Donnée importée via pipeline ETL vectorisé
U046,Pulp Fiction Original,3.6,2026-01-15 10:00:00,history,Donnée importée via pipeline ETL vectorisé
U046,Parasite Original,4.6,2026-02-03 18:30:00,history,Donnée importée via pipeline ETL vectorisé
U046,Avatar Original,4.9,2026-06-01 00:00:00,history,Donnée importée via pipeline ETL vectorisé
U046,Seven Original,3.6,2026-03-08 14:15:00,history,Donnée importée via pipeline ETL vectorisé
U046,Seven Reborn,5.0,2026-03-25 20:00:00,history,Donnée importée via pipeline ETL vectorisé
U046,The Hangover Original,4.9,2026-04-10 16:45:00,history,Donnée importée via pipeline ETL vectorisé
U046,Spirited Away Original,4.7,2026-05-01 19:30:00,history,Donnée importée via pipeline ETL vectorisé
U047,Gladiator Original,2.2,2026-01-15 10:00:00,history,Donnée importée via pipeline ETL vectorisé
U047,La La Land Original,3.9,2026-02-03 18:30:00,history,Donnée importée via pipeline ETL vectorisé
U048,Gladiator Legacy,3.6,2026-01-15 10:00:00,history,Donnée importée via pipeline ETL vectorisé
U048,Toy Story Original,4.1,2026-02-03 18:30:00,history,Donnée importée via pipeline ETL vectorisé
U048,Pulp Fiction Original,3.0,2026-02-20 21:00:00,history,Donnée importée via pipeline ETL vectorisé
U048,Parasite Original,1.2,2026-03-08 14:15:00,history,Donnée importée via pipeline ETL vectorisé
U049,Parasite Original,4.3,2026-02-03 18:30:00,history,Donnée importée via pipeline ETL vectorisé
U049,Superbad Original,5.0,2026-02-20 21:00:00,history,Donnée importée via pipeline ETL vectorisé
U049,Gladiator Legacy,3.7,2026-03-08 14:15:00,history,Donnée importée via pipeline ETL vectorisé
U049,Gladiator Original,4.7,2026-03-25 20:00:00,history,Donnée importée via pipeline ETL vectorisé
U049,Titanic Original,4.9,2026-04-10 16:45:00,history,Donnée importée via pipeline ETL vectorisé
U050,Superbad Original,3.5,2026-01-15 10:00:00,history,Donnée importée via pipeline ETL vectorisé
U050,Parasite Original,3.9,2026-02-03 18:30:00,history,Donnée importée via pipeline ETL vectorisé
U050,Interstellar Original,5.0,2026-02-20 21:00:00,history,Donnée importée via pipeline ETL vectorisé
U050,La La Land Saga,3.1,2026-03-08 14:15:00,history,Donnée importée via pipeline ETL vectorisé
U050,Pulp Fiction Original,2.7,2026-03-25 20:00:00,history,Donnée importée via pipeline ETL vectorisé
U050,Gladiator Legacy,3.8,2026-04-10 16:45:00,history,Donnée importée via pipeline ETL vectorisé
U051,Blade Runner 2049 Original,3.2,2026-01-15 10:00:00,history,Donnée importée via pipeline ETL vectorisé
U051,Toy Story Evolution,3.3,2026-02-20 21:00:00,history,Donnée importée via pipeline ETL vectorisé
U051,The Dark Knight Original,3.8,2026-03-08 14:15:00,history,Donnée importée via pipeline ETL vectorisé
U052,Superbad Original,4.4,2026-01-15 10:00:00,history,Donnée importée via pipeline ETL vectorisé
U052,The Hangover Original,3.9,2026-02-03 18:30:00,history,Donnée importée via pipeline ETL vectorisé
U052,Avatar Part I,2.6,2026-02-20 21:00:00,history,Donnée importée via pipeline ETL vectorisé
U052,Get Out Original,3.9,2026-03-25 20:00:00,history,Donnée importée via pipeline ETL vectorisé
U053,Gladiator Original,4.7,2026-01-15 10:00:00,history,Donnée importée via pipeline ETL vectorisé
U053,The Matrix Original,3.9,2026-02-03 18:30:00,history,Donnée importée via pipeline ETL vectorisé
U053,The Conjuring Original,2.6,2026-02-20 21:00:00,history,Donnée importée via pipeline ETL vectorisé
U053,Avatar Original,3.8,2026-03-08 14:15:00,history,Donnée importée via pipeline ETL vectorisé
U053,The Dark Knight Original,4.7,2026-03-25 20:00:00,history,Donnée importée via pipeline ETL vectorisé
U053,Titanic Original,1.4,2026-04-10 16:45:00,history,Donnée importée via pipeline ETL vectorisé
U053,Gladiator Legacy,4.5,2026-05-01 19:30:00,history,Donnée importée via pipeline ETL vectorisé
U054,The Hangover Original,2.5,2026-02-03 18:30:00,history,Donnée importée via pipeline ETL vectorisé
U054,The Matrix Original,4.6,2026-02-20 21:00:00,history,Donnée importée via pipeline ETL vectorisé
U054,Blade Runner 2049 Original,4.9,2026-03-08 14:15:00,history,Donnée importée via pipeline ETL vectorisé
U054,Interstellar Original,3.7,2026-03-25 20:00:00,history,Donnée importée via pipeline ETL vectorisé
U055,Get Out Original,3.7,2026-01-15 10:00:00,history,Donnée importée via pipeline ETL vectorisé
U055,The Conjuring Original,4.5,2026-02-03 18:30:00,history,Donnée importée via pipeline ETL vectorisé
U055,Gladiator Legacy,5.0,2026-02-20 21:00:00,history,Donnée importée via pipeline ETL vectorisé
U055,Toy Story Evolution,3.8,2026-03-08 14:15:00,history,Donnée importée via pipeline ETL vectorisé
U055,The Hangover Original,1.9,2026-03-25 20:00:00,history,Donnée importée via pipeline ETL vectorisé
U056,Seven Original,5.0,2026-01-15 10:00:00,history,Donnée importée via pipeline ETL vectorisé
U056,Avatar Original,4.2,2026-02-03 18:30:00,history,Donnée importée via pipeline ETL vectorisé
U056,Parasite Original,4.0,2026-02-20 21:00:00,history,Donnée importée via pipeline ETL vectorisé
U056,The Matrix Reloaded,3.9,2026-03-08 14:15:00,history,Donnée importée via pipeline ETL vectorisé
U057,La La Land Original,5.0,2026-01-15 10:00:00,history,Donnée importée via pipeline ETL vectorisé
U057,The Dark Knight Original,2.6,2026-02-03 18:30:00,history,Donnée importée via pipeline ETL vectorisé
U057,Gladiator Legacy,3.1,2026-02-20 21:00:00,history,Donnée importée via pipeline ETL vectorisé
U058,Parasite Original,1.7,2026-01-15 10:00:00,history,Donnée importée via pipeline ETL vectorisé
U058,Spirited Away Original,3.6,2026-06-01 00:00:00,history,Donnée importée via pipeline ETL vectorisé
U058,Superbad Original,3.6,2026-02-20 21:00:00,history,Donnée importée via pipeline ETL vectorisé
U058,Toy Story Original,3.9,2026-03-08 14:15:00,history,Donnée importée via pipeline ETL vectorisé
U058,Avatar Original,2.0,2026-03-25 20:00:00,history,Donnée importée via pipeline ETL vectorisé
U058,Seven Reborn,3.0,2026-04-10 16:45:00,history,Donnée importée via pipeline ETL vectorisé
U058,Toy Story Evolution,4.2,2026-05-01 19:30:00,history,Donnée importée via pipeline ETL vectorisé
U059,Gladiator Original,4.6,2026-01-15 10:00:00,history,Donnée importée via pipeline ETL vectorisé
U059,Pulp Fiction Original,4.3,2026-02-03 18:30:00,history,Donnée importée via pipeline ETL vectorisé
U059,Parasite Original,4.2,2026-02-20 21:00:00,history,Donnée importée via pipeline ETL vectorisé
U059,Gladiator Legacy,3.1,2026-03-08 14:15:00,history,Donnée importée via pipeline ETL vectorisé
U059,Titanic Original,3.6,2026-03-25 20:00:00,history,Donnée importée via pipeline ETL vectorisé
U060,Superbad Original,3.8,2026-01-15 10:00:00,history,Donnée importée via pipeline ETL vectorisé
U060,Spirited Away Original,3.4,2026-02-03 18:30:00,history,Donnée importée via pipeline ETL vectorisé
U060,Interstellar Original,5.0,2026-02-20 21:00:00,history,Donnée importée via pipeline ETL vectorisé
U060,Seven Reborn,2.5,2026-03-08 14:15:00,history,Donnée importée via pipeline ETL vectorisé
U060,Gladiator Legacy,3.3,2026-03-25 20:00:00,history,Donnée importée via pipeline ETL vectorisé
U061,Interstellar Original,2.9,2026-01-15 10:00:00,history,Donnée importée via pipeline ETL vectorisé
U061,Toy Story Evolution,2.9,2026-02-03 18:30:00,history,Donnée importée via pipeline ETL vectorisé
U061,Blade Runner 2049 Original,2.8,2026-02-20 21:00:00,history,Donnée importée via pipeline ETL vectorisé
U062,Gladiator Legacy,3.1,2026-01-15 10:00:00,history,Donnée importée via pipeline ETL vectorisé
U062,Superbad Original,5.0,2026-02-03 18:30:00,history,Donnée importée via pipeline ETL vectorisé
U062,The Hangover Original,4.2,2026-02-20 21:00:00,history,Donnée importée via pipeline ETL vectorisé
U062,Spirited Away Original,4.2,2026-06-01 00:00:00,history,Donnée importée via pipeline ETL vectorisé
U062,The Conjuring Original,1.9,2026-04-10 16:45:00,history,Donnée importée via pipeline ETL vectorisé
U063,Avatar Original,4.6,2026-01-15 10:00:00,history,Donnée importée via pipeline ETL vectorisé
U063,Titanic Original,2.6,2026-02-03 18:30:00,history,Donnée importée via pipeline ETL vectorisé
U063,The Matrix Original,5.0,2026-02-20 21:00:00,history,Donnée importée via pipeline ETL vectorisé
U063,The Conjuring Original,3.7,2026-03-08 14:15:00,history,Donnée importée via pipeline ETL vectorisé
U063,Parasite Original,2.8,2026-03-25 20:00:00,history,Donnée importée via pipeline ETL vectorisé
U064,Superbad Original,2.6,2026-01-15 10:00:00,history,Donnée importée via pipeline ETL vectorisé
U064,Interstellar Original,3.6,2026-02-03 18:30:00,history,Donnée importée via pipeline ETL vectorisé
U064,La La Land Saga,3.6,2026-02-20 21:00:00,history,Donnée importée via pipeline ETL vectorisé
U064,The Matrix Original,3.8,2026-03-25 20:00:00,history,Donnée importée via pipeline ETL vectorisé
U064,Blade Runner 2049 Original,4.7,2026-04-10 16:45:00,history,Donnée importée via pipeline ETL vectorisé
U065,Blade Runner 2049 Original,2.8,2026-01-15 10:00:00,history,Donnée importée via pipeline ETL vectorisé
U065,Parasite Original,3.2,2026-02-03 18:30:00,history,Donnée importée via pipeline ETL vectorisé
U065,Get Out Original,4.6,2026-02-20 21:00:00,history,Donnée importée via pipeline ETL vectorisé
U065,The Conjuring Original,4.8,2026-03-08 14:15:00,history,Donnée importée via pipeline ETL vectorisé
U065,Gladiator Legacy,4.6,2026-03-25 20:00:00,history,Donnée importée via pipeline ETL vectorisé
U066,The Matrix Reloaded,3.6,2026-01-15 10:00:00,history,Donnée importée via pipeline ETL vectorisé
U066,Toy Story Original,2.0,2026-02-03 18:30:00,history,Donnée importée via pipeline ETL vectorisé
U066,Seven Original,5.0,2026-02-20 21:00:00,history,Donnée importée via pipeline ETL vectorisé
U066,Spirited Away Original,3.8,2026-03-08 14:15:00,history,Donnée importée via pipeline ETL vectorisé
U066,Avatar Original,4.1,2026-03-25 20:00:00,history,Donnée importée via pipeline ETL vectorisé
U066,Parasite Original,5.0,2026-04-10 16:45:00,history,Donnée importée via pipeline ETL vectorisé
U066,Get Out Original,4.1,2026-06-01 00:00:00,history,Donnée importée via pipeline ETL vectorisé
U067,La La Land Original,4.3,2026-01-15 10:00:00,history,Donnée importée via pipeline ETL vectorisé
U067,Toy Story Evolution,3.2,2026-02-03 18:30:00,history,Donnée importée via pipeline ETL vectorisé
U067,Titanic Original,4.7,2026-06-01 00:00:00,history,Donnée importée via pipeline ETL vectorisé
U067,The Conjuring Original,4.6,2026-03-08 14:15:00,history,Donnée importée via pipeline ETL vectorisé
U068,Spirited Away Original,4.6,2026-01-15 10:00:00,history,Donnée importée via pipeline ETL vectorisé
U068,Toy Story Original,3.8,2026-02-03 18:30:00,history,Donnée importée via pipeline ETL vectorisé
U068,The Matrix Reloaded,4.8,2026-02-20 21:00:00,history,Donnée importée via pipeline ETL vectorisé
U068,Parasite Original,4.2,2026-03-08 14:15:00,history,Donnée importée via pipeline ETL vectorisé
U068,Blade Runner 2049 Original,3.8,2026-03-25 20:00:00,history,Donnée importée via pipeline ETL vectorisé
U068,Get Out Original,4.3,2026-04-10 16:45:00,history,Donnée importée via pipeline ETL vectorisé
U068,Avatar Part I,3.7,2026-05-01 19:30:00,history,Donnée importée via pipeline ETL vectorisé
U069,Titanic Original,3.8,2026-01-15 10:00:00,history,Donnée importée via pipeline ETL vectorisé
U069,The Conjuring Original,3.6,2026-06-01 00:00:00,history,Donnée importée via pipeline ETL vectorisé
U069,Pulp Fiction Original,4.9,2026-02-20 21:00:00,history,Donnée importée via pipeline ETL vectorisé
U070,Superbad Original,3.8,2026-01-15 10:00:00,history,Donnée importée via pipeline ETL vectorisé
U070,Interstellar Original,3.0,2026-02-03 18:30:00,history,Donnée importée via pipeline ETL vectorisé
U070,Blade Runner 2049 Original,2.9,2026-02-20 21:00:00,history,Donnée importée via pipeline ETL vectorisé
U070,The Matrix Reloaded,2.6,2026-03-08 14:15:00,history,Donnée importée via pipeline ETL vectorisé
U070,Gladiator Legacy,2.9,2026-03-25 20:00:00,history,Donnée importée via pipeline ETL vectorisé
U070,La La Land Saga,2.6,2026-04-10 16:45:00,history,Donnée importée via pipeline ETL vectorisé
U071,Parasite Original,3.2,2026-01-15 10:00:00,history,Donnée importée via pipeline ETL vectorisé
U071,Spirited Away Original,2.7,2026-02-03 18:30:00,history,Donnée importée via pipeline ETL vectorisé
U071,Get Out Original,2.8,2026-02-20 21:00:00,history,Donnée importée via pipeline ETL vectorisé
U071,The Conjuring Original,3.3,2026-03-08 14:15:00,history,Donnée importée via pipeline ETL vectorisé
U071,Gladiator Legacy,3.2,2026-04-10 16:45:00,history,Donnée importée via pipeline ETL vectorisé
U071,Seven Reborn,2.6,2026-05-01 19:30:00,history,Donnée importée via pipeline ETL vectorisé
U072,The Hangover Original,3.8,2026-01-15 10:00:00,history,Donnée importée via pipeline ETL vectorisé
U072,Superbad Original,5.0,2026-02-03 18:30:00,history,Donnée importée via pipeline ETL vectorisé
U072,La La Land Saga,3.1,2026-02-20 21:00:00,history,Donnée importée via pipeline ETL vectorisé
U072,Seven Reborn,2.9,2026-06-01 00:00:00,history,Donnée importée via pipeline ETL vectorisé
U072,Toy Story Evolution,3.3,2026-03-25 20:00:00,history,Donnée importée via pipeline ETL vectorisé
U073,Gladiator Original,3.8,2026-01-15 10:00:00,history,Donnée importée via pipeline ETL vectorisé
U073,Spirited Away Original,1.6,2026-02-03 18:30:00,history,Donnée importée via pipeline ETL vectorisé
U073,The Matrix Original,3.5,2026-02-20 21:00:00,history,Donnée importée via pipeline ETL vectorisé
U073,Avatar Original,3.9,2026-03-08 14:15:00,history,Donnée importée via pipeline ETL vectorisé
U073,Get Out Original,3.1,2026-03-25 20:00:00,history,Donnée importée via pipeline ETL vectorisé
U073,Toy Story Original,2.1,2026-04-10 16:45:00,history,Donnée importée via pipeline ETL vectorisé
U074,Titanic Original,5.0,2026-02-03 18:30:00,history,Donnée importée via pipeline ETL vectorisé
U074,La La Land Original,2.6,2026-02-20 21:00:00,history,Donnée importée via pipeline ETL vectorisé
U074,Blade Runner 2049 Original,4.0,2026-03-08 14:15:00,history,Donnée importée via pipeline ETL vectorisé
U074,The Matrix Original,4.6,2026-03-25 20:00:00,history,Donnée importée via pipeline ETL vectorisé
U074,Interstellar Original,4.6,2026-04-10 16:45:00,history,Donnée importée via pipeline ETL vectorisé
U074,Toy Story Evolution,1.3,2026-05-01 19:30:00,history,Donnée importée via pipeline ETL vectorisé
U075,The Conjuring Original,4.4,2026-02-03 18:30:00,history,Donnée importée via pipeline ETL vectorisé
U075,Get Out Original,4.4,2026-02-20 21:00:00,history,Donnée importée via pipeline ETL vectorisé
U075,Titanic Original,2.6,2026-03-08 14:15:00,history,Donnée importée via pipeline ETL vectorisé
U076,Parasite Original,4.9,2026-01-15 10:00:00,history,Donnée importée via pipeline ETL vectorisé
U076,Avatar Original,4.2,2026-02-03 18:30:00,history,Donnée importée via pipeline ETL vectorisé
U076,Seven Original,4.2,2026-02-20 21:00:00,history,Donnée importée via pipeline ETL vectorisé
U077,The Dark Knight Original,1.8,2026-01-15 10:00:00,history,Donnée importée via pipeline ETL vectorisé
U077,La La Land Original,4.4,2026-02-03 18:30:00,history,Donnée importée via pipeline ETL vectorisé
U077,Titanic Original,4.4,2026-02-20 21:00:00,history,Donnée importée via pipeline ETL vectorisé
U078,Toy Story Original,5.0,2026-01-15 10:00:00,history,Donnée importée via pipeline ETL vectorisé
U078,Spirited Away Original,4.9,2026-02-03 18:30:00,history,Donnée importée via pipeline ETL vectorisé
U078,Titanic Original,3.8,2026-02-20 21:00:00,history,Donnée importée via pipeline ETL vectorisé
U078,The Conjuring Original,2.4,2026-03-08 14:15:00,history,Donnée importée via pipeline ETL vectorisé
U078,Get Out Original,1.5,2026-04-10 16:45:00,history,Donnée importée via pipeline ETL vectorisé
U078,The Dark Knight Original,3.3,2026-05-01 19:30:00,history,Donnée importée via pipeline ETL vectorisé
U079,Gladiator Original,4.9,2026-02-03 18:30:00,history,Donnée importée via pipeline ETL vectorisé
U079,Parasite Original,4.6,2026-02-20 21:00:00,history,Donnée importée via pipeline ETL vectorisé
U079,Interstellar Original,2.6,2026-03-08 14:15:00,history,Donnée importée via pipeline ETL vectorisé
U079,Titanic Original,2.8,2026-03-25 20:00:00,history,Donnée importée via pipeline ETL vectorisé
U080,Pulp Fiction Original,5.0,2026-01-15 10:00:00,history,Donnée importée via pipeline ETL vectorisé
U080,Seven Reborn,3.3,2026-02-03 18:30:00,history,Donnée importée via pipeline ETL vectorisé
U080,Spirited Away Original,3.3,2026-02-20 21:00:00,history,Donnée importée via pipeline ETL vectorisé
U080,Avatar Part I,3.4,2026-03-25 20:00:00,history,Donnée importée via pipeline ETL vectorisé
U080,La La Land Saga,3.9,2026-06-01 00:00:00,history,Donnée importée via pipeline ETL vectorisé
U080,The Matrix Reloaded,3.2,2026-05-01 19:30:00,history,Donnée importée via pipeline ETL vectorisé
U081,The Conjuring Original,3.3,2026-06-01 00:00:00,history,Donnée importée via pipeline ETL vectorisé
U081,Gladiator Legacy,3.1,2026-02-03 18:30:00,history,Donnée importée via pipeline ETL vectorisé
U081,Get Out Original,2.7,2026-02-20 21:00:00,history,Donnée importée via pipeline ETL vectorisé
U081,La La Land Saga,2.8,2026-03-08 14:15:00,history,Donnée importée via pipeline ETL vectorisé
U081,Titanic Original,3.6,2026-03-25 20:00:00,history,Donnée importée via pipeline ETL vectorisé
U081,Toy Story Evolution,3.0,2026-04-10 16:45:00,history,Donnée importée via pipeline ETL vectorisé
U082,The Hangover Original,4.0,2026-01-15 10:00:00,history,Donnée importée via pipeline ETL vectorisé
U082,Gladiator Legacy,3.7,2026-02-03 18:30:00,history,Donnée importée via pipeline ETL vectorisé
U082,Superbad Original,4.3,2026-02-20 21:00:00,history,Donnée importée via pipeline ETL vectorisé
U082,La La Land Saga,3.1,2026-03-08 14:15:00,history,Donnée importée via pipeline ETL vectorisé
U083,The Dark Knight Original,4.4,2026-02-03 18:30:00,history,Donnée importée via pipeline ETL vectorisé
U083,Avatar Original,3.5,2026-06-01 00:00:00,history,Donnée importée via pipeline ETL vectorisé
U084,Interstellar Original,4.8,2026-01-15 10:00:00,history,Donnée importée via pipeline ETL vectorisé
U084,Seven Reborn,2.7,2026-02-03 18:30:00,history,Donnée importée via pipeline ETL vectorisé
U084,The Hangover Original,2.8,2026-06-01 00:00:00,history,Donnée importée via pipeline ETL vectorisé
U085,The Conjuring Original,3.5,2026-01-15 10:00:00,history,Donnée importée via pipeline ETL vectorisé
U085,Get Out Original,3.2,2026-02-03 18:30:00,history,Donnée importée via pipeline ETL vectorisé
U085,The Hangover Original,3.9,2026-06-01 00:00:00,history,Donnée importée via pipeline ETL vectorisé
U085,Avatar Part I,4.3,2026-03-08 14:15:00,history,Donnée importée via pipeline ETL vectorisé
U085,Spirited Away Original,3.9,2026-03-25 20:00:00,history,Donnée importée via pipeline ETL vectorisé
U085,Blade Runner 2049 Original,3.5,2026-04-10 16:45:00,history,Donnée importée via pipeline ETL vectorisé
U085,The Matrix Reloaded,4.4,2026-05-01 19:30:00,history,Donnée importée via pipeline ETL vectorisé
U086,Toy Story Evolution,3.2,2026-01-15 10:00:00,history,Donnée importée via pipeline ETL vectorisé
U086,Parasite Original,2.9,2026-02-03 18:30:00,history,Donnée importée via pipeline ETL vectorisé
U086,Seven Original,4.6,2026-02-20 21:00:00,history,Donnée importée via pipeline ETL vectorisé
U087,La La Land Original,4.7,2026-01-15 10:00:00,history,Donnée importée via pipeline ETL vectorisé
U087,Superbad Original,3.6,2026-02-03 18:30:00,history,Donnée importée via pipeline ETL vectorisé
U087,Interstellar Original,3.4,2026-02-20 21:00:00,history,Donnée importée via pipeline ETL vectorisé
U087,Titanic Original,3.7,2026-03-08 14:15:00,history,Donnée importée via pipeline ETL vectorisé
U087,The Matrix Reloaded,4.4,2026-03-25 20:00:00,history,Donnée importée via pipeline ETL vectorisé
U088,Parasite Original,3.2,2026-01-15 10:00:00,history,Donnée importée via pipeline ETL vectorisé
U088,Gladiator Legacy,3.5,2026-02-03 18:30:00,history,Donnée importée via pipeline ETL vectorisé
U088,Spirited Away Original,4.3,2026-02-20 21:00:00,history,Donnée importée via pipeline ETL vectorisé
U088,Get Out Original,3.8,2026-03-08 14:15:00,history,Donnée importée via pipeline ETL vectorisé
U088,Seven Original,1.2,2026-04-10 16:45:00,history,Donnée importée via pipeline ETL vectorisé
U088,Toy Story Original,3.7,2026-05-01 19:30:00,history,Donnée importée via pipeline ETL vectorisé
U089,The Conjuring Original,5.0,2026-01-15 10:00:00,history,Donnée importée via pipeline ETL vectorisé
U089,Gladiator Original,4.9,2026-02-03 18:30:00,history,Donnée importée via pipeline ETL vectorisé
U089,Parasite Original,2.6,2026-02-20 21:00:00,history,Donnée importée via pipeline ETL vectorisé
U090,Superbad Original,3.5,2026-01-15 10:00:00,history,Donnée importée via pipeline ETL vectorisé
U090,Titanic Original,5.0,2026-02-03 18:30:00,history,Donnée importée via pipeline ETL vectorisé
U090,Avatar Part I,3.8,2026-02-20 21:00:00,history,Donnée importée via pipeline ETL vectorisé
U090,Parasite Original,2.6,2026-03-25 20:00:00,history,Donnée importée via pipeline ETL vectorisé
U090,Blade Runner 2049 Original,3.0,2026-04-10 16:45:00,history,Donnée importée via pipeline ETL vectorisé
U090,The Conjuring Original,3.0,2026-05-01 19:30:00,history,Donnée importée via pipeline ETL vectorisé
U091,Get Out Original,2.7,2026-01-15 10:00:00,history,Donnée importée via pipeline ETL vectorisé
U091,Blade Runner 2049 Original,5.0,2026-02-03 18:30:00,history,Donnée importée via pipeline ETL vectorisé
U091,The Conjuring Original,3.4,2026-02-20 21:00:00,history,Donnée importée via pipeline ETL vectorisé
U091,Avatar Part I,2.9,2026-03-08 14:15:00,history,Donnée importée via pipeline ETL vectorisé
U091,The Matrix Reloaded,3.4,2026-03-25 20:00:00,history,Donnée importée via pipeline ETL vectorisé
U091,Parasite Original,3.8,2026-04-10 16:45:00,history,Donnée importée via pipeline ETL vectorisé
U091,Titanic Original,2.5,2026-05-01 19:30:00,history,Donnée importée via pipeline ETL vectorisé
U092,Superbad Original,3.7,2026-01-15 10:00:00,history,Donnée importée via pipeline ETL vectorisé
U092,Pulp Fiction Original,5.0,2026-02-03 18:30:00,history,Donnée importée via pipeline ETL vectorisé
U092,Avatar Original,2.8,2026-02-20 21:00:00,history,Donnée importée via pipeline ETL vectorisé
U092,La La Land Saga,2.6,2026-03-08 14:15:00,history,Donnée importée via pipeline ETL vectorisé
U093,Avatar Original,3.7,2026-01-15 10:00:00,history,Donnée importée via pipeline ETL vectorisé
U093,The Matrix Original,4.0,2026-02-03 18:30:00,history,Donnée importée via pipeline ETL vectorisé
U093,Gladiator Original,4.0,2026-02-20 21:00:00,history,Donnée importée via pipeline ETL vectorisé
U093,The Dark Knight Original,4.3,2026-03-08 14:15:00,history,Donnée importée via pipeline ETL vectorisé
U093,Gladiator Legacy,5.0,2026-03-25 20:00:00,history,Donnée importée via pipeline ETL vectorisé
U093,Parasite Original,4.8,2026-04-10 16:45:00,history,Donnée importée via pipeline ETL vectorisé
U093,La La Land Saga,3.9,2026-05-01 19:30:00,history,Donnée importée via pipeline ETL vectorisé
U094,Interstellar Original,3.7,2026-01-15 10:00:00,history,Donnée importée via pipeline ETL vectorisé
U094,Blade Runner 2049 Original,3.7,2026-02-03 18:30:00,history,Donnée importée via pipeline ETL vectorisé
U094,The Matrix Original,4.7,2026-02-20 21:00:00,history,Donnée importée via pipeline ETL vectorisé
U094,Toy Story Evolution,2.8,2026-03-08 14:15:00,history,Donnée importée via pipeline ETL vectorisé
U094,Superbad Original,1.7,2026-04-10 16:45:00,history,Donnée importée via pipeline ETL vectorisé
U095,Get Out Original,4.4,2026-01-15 10:00:00,history,Donnée importée via pipeline ETL vectorisé
U095,Spirited Away Original,2.8,2026-06-01 00:00:00,history,Donnée importée via pipeline ETL vectorisé
U095,The Conjuring Original,3.6,2026-02-20 21:00:00,history,Donnée importée via pipeline ETL vectorisé
U095,The Matrix Reloaded,4.7,2026-03-08 14:15:00,history,Donnée importée via pipeline ETL vectorisé
U095,Titanic Original,2.6,2026-03-25 20:00:00,history,Donnée importée via pipeline ETL vectorisé
U096,Avatar Original,5.0,2026-01-15 10:00:00,history,Donnée importée via pipeline ETL vectorisé
U096,Toy Story Original,1.3,2026-06-01 00:00:00,history,Donnée importée via pipeline ETL vectorisé
U096,Superbad Original,2.5,2026-02-20 21:00:00,history,Donnée importée via pipeline ETL vectorisé
U096,The Hangover Original,1.5,2026-03-08 14:15:00,history,Donnée importée via pipeline ETL vectorisé
U096,Interstellar Original,2.0,2026-03-25 20:00:00,history,Donnée importée via pipeline ETL vectorisé
U097,Titanic Original,3.8,2026-01-15 10:00:00,history,Donnée importée via pipeline ETL vectorisé
U097,La La Land Original,4.2,2026-02-03 18:30:00,history,Donnée importée via pipeline ETL vectorisé
U097,Gladiator Original,1.1,2026-02-20 21:00:00,history,Donnée importée via pipeline ETL vectorisé
U097,Get Out Original,3.7,2026-03-08 14:15:00,history,Donnée importée via pipeline ETL vectorisé
U097,The Conjuring Original,2.5,2026-03-25 20:00:00,history,Donnée importée via pipeline ETL vectorisé
U098,Spirited Away Original,4.8,2026-01-15 10:00:00,history,Donnée importée via pipeline ETL vectorisé
U098,Toy Story Original,3.7,2026-02-03 18:30:00,history,Donnée importée via pipeline ETL vectorisé
U098,La La Land Saga,4.1,2026-02-20 21:00:00,history,Donnée importée via pipeline ETL vectorisé
U098,Pulp Fiction Original,2.7,2026-03-08 14:15:00,history,Donnée importée via pipeline ETL vectorisé
U098,Avatar Part I,3.0,2026-03-25 20:00:00,history,Donnée importée via pipeline ETL vectorisé
U099,Interstellar Original,1.4,2026-01-15 10:00:00,history,Donnée importée via pipeline ETL vectorisé
U099,Titanic Original,4.2,2026-02-03 18:30:00,history,Donnée importée via pipeline ETL vectorisé
U099,Gladiator Original,5.0,2026-02-20 21:00:00,history,Donnée importée via pipeline ETL vectorisé
U099,Parasite Original,3.9,2026-03-08 14:15:00,history,Donnée importée via pipeline ETL vectorisé
U100,Spirited Away Original,3.2,2026-01-15 10:00:00,history,Donnée importée via pipeline ETL vectorisé
U100,Interstellar Original,3.1,2026-02-03 18:30:00,history,Donnée importée via pipeline ETL vectorisé
U100,Get Out Original,2.6,2026-02-20 21:00:00,history,Donnée importée via pipeline ETL vectorisé
U100,La La Land Saga,3.3,2026-03-08 14:15:00,history,Donnée importée via pipeline ETL vectorisé
U100,Toy Story Evolution,2.7,2026-03-25 20:00:00,history,Donnée importée via pipeline ETL vectorisé
U101,Get Out Original,2.8,2026-01-15 10:00:00,history,Donnée importée via pipeline ETL vectorisé
U101,Titanic Original,2.8,2026-02-03 18:30:00,history,Donnée importée via pipeline ETL vectorisé
U101,Blade Runner 2049 Original,2.6,2026-02-20 21:00:00,history,Donnée importée via pipeline ETL vectorisé
U101,Spirited Away Original,3.2,2026-03-08 14:15:00,history,Donnée importée via pipeline ETL vectorisé
U101,Interstellar Original,3.6,2026-03-25 20:00:00,history,Donnée importée via pipeline ETL vectorisé
U102,Superbad Original,4.2,2026-01-15 10:00:00,history,Donnée importée via pipeline ETL vectorisé
U102,The Hangover Original,4.6,2026-02-03 18:30:00,history,Donnée importée via pipeline ETL vectorisé
U102,The Dark Knight Original,5.0,2026-02-20 21:00:00,history,Donnée importée via pipeline ETL vectorisé
U102,Avatar Part I,4.4,2026-03-08 14:15:00,history,Donnée importée via pipeline ETL vectorisé
U102,La La Land Saga,4.8,2026-03-25 20:00:00,history,Donnée importée via pipeline ETL vectorisé
U102,The Matrix Reloaded,4.0,2026-04-10 16:45:00,history,Donnée importée via pipeline ETL vectorisé
U103,Get Out Original,3.2,2026-01-15 10:00:00,history,Donnée importée via pipeline ETL vectorisé
U103,Avatar Original,3.8,2026-02-03 18:30:00,history,Donnée importée via pipeline ETL vectorisé
U103,The Dark Knight Original,3.6,2026-02-20 21:00:00,history,Donnée importée via pipeline ETL vectorisé
U103,The Matrix Original,3.9,2026-03-08 14:15:00,history,Donnée importée via pipeline ETL vectorisé
U104,Blade Runner 2049 Original,4.4,2026-06-01 00:00:00,history,Donnée importée via pipeline ETL vectorisé
U104,The Matrix Original,4.0,2026-02-03 18:30:00,history,Donnée importée via pipeline ETL vectorisé
U104,The Hangover Original,1.3,2026-02-20 21:00:00,history,Donnée importée via pipeline ETL vectorisé
U104,Interstellar Original,3.9,2026-03-08 14:15:00,history,Donnée importée via pipeline ETL vectorisé
U104,Get Out Original,4.7,2026-04-10 16:45:00,history,Donnée importée via pipeline ETL vectorisé
U104,Gladiator Legacy,4.3,2026-05-01 19:30:00,history,Donnée importée via pipeline ETL vectorisé
U105,The Hangover Original,1.8,2026-01-15 10:00:00,history,Donnée importée via pipeline ETL vectorisé
U105,Get Out Original,3.5,2026-02-03 18:30:00,history,Donnée importée via pipeline ETL vectorisé
U105,Titanic Original,1.3,2026-02-20 21:00:00,history,Donnée importée via pipeline ETL vectorisé
U105,The Conjuring Original,4.5,2026-03-08 14:15:00,history,Donnée importée via pipeline ETL vectorisé
U106,Seven Original,5.0,2026-01-15 10:00:00,history,Donnée importée via pipeline ETL vectorisé
U106,Parasite Original,3.9,2026-02-03 18:30:00,history,Donnée importée via pipeline ETL vectorisé
U106,Avatar Original,4.4,2026-02-20 21:00:00,history,Donnée importée via pipeline ETL vectorisé
U106,Pulp Fiction Original,4.1,2026-03-08 14:15:00,history,Donnée importée via pipeline ETL vectorisé
U106,Blade Runner 2049 Original,4.2,2026-03-25 20:00:00,history,Donnée importée via pipeline ETL vectorisé
U106,Avatar Part I,3.0,2026-04-10 16:45:00,history,Donnée importée via pipeline ETL vectorisé
U107,Titanic Original,4.5,2026-01-15 10:00:00,history,Donnée importée via pipeline ETL vectorisé
U107,La La Land Original,4.0,2026-02-03 18:30:00,history,Donnée importée via pipeline ETL vectorisé
U107,The Conjuring Original,3.0,2026-02-20 21:00:00,history,Donnée importée via pipeline ETL vectorisé
U108,Toy Story Original,3.6,2026-01-15 10:00:00,history,Donnée importée via pipeline ETL vectorisé
U108,Parasite Original,2.9,2026-02-03 18:30:00,history,Donnée importée via pipeline ETL vectorisé
U108,Spirited Away Original,4.5,2026-02-20 21:00:00,history,Donnée importée via pipeline ETL vectorisé
U109,Gladiator Original,4.7,2026-01-15 10:00:00,history,Donnée importée via pipeline ETL vectorisé
U109,Titanic Original,3.6,2026-02-03 18:30:00,history,Donnée importée via pipeline ETL vectorisé
U109,The Matrix Original,1.6,2026-02-20 21:00:00,history,Donnée importée via pipeline ETL vectorisé
U109,Pulp Fiction Original,4.5,2026-03-08 14:15:00,history,Donnée importée via pipeline ETL vectorisé
U110,Blade Runner 2049 Original,3.7,2026-02-03 18:30:00,history,Donnée importée via pipeline ETL vectorisé
U110,Seven Reborn,3.2,2026-06-01 00:00:00,history,Donnée importée via pipeline ETL vectorisé
U111,Superbad Original,3.2,2026-01-15 10:00:00,history,Donnée importée via pipeline ETL vectorisé
U111,Seven Reborn,3.9,2026-02-03 18:30:00,history,Donnée importée via pipeline ETL vectorisé
U111,The Matrix Reloaded,3.2,2026-02-20 21:00:00,history,Donnée importée via pipeline ETL vectorisé
U112,Superbad Original,4.2,2026-01-15 10:00:00,history,Donnée importée via pipeline ETL vectorisé
U112,Spirited Away Original,3.0,2026-02-03 18:30:00,history,Donnée importée via pipeline ETL vectorisé
U112,The Hangover Original,3.7,2026-02-20 21:00:00,history,Donnée importée via pipeline ETL vectorisé
U113,La La Land Saga,3.5,2026-01-15 10:00:00,history,Donnée importée via pipeline ETL vectorisé
U113,The Matrix Original,4.5,2026-02-03 18:30:00,history,Donnée importée via pipeline ETL vectorisé
U113,Avatar Original,3.7,2026-02-20 21:00:00,history,Donnée importée via pipeline ETL vectorisé
U113,Spirited Away Original,3.6,2026-03-08 14:15:00,history,Donnée importée via pipeline ETL vectorisé
U114,Blade Runner 2049 Original,4.8,2026-01-15 10:00:00,history,Donnée importée via pipeline ETL vectorisé
U114,Interstellar Original,3.9,2026-02-03 18:30:00,history,Donnée importée via pipeline ETL vectorisé
U114,The Matrix Original,4.0,2026-02-20 21:00:00,history,Donnée importée via pipeline ETL vectorisé
U115,Get Out Original,3.5,2026-01-15 10:00:00,history,Donnée importée via pipeline ETL vectorisé
U115,The Conjuring Original,4.4,2026-02-03 18:30:00,history,Donnée importée via pipeline ETL vectorisé
U115,The Hangover Original,3.7,2026-02-20 21:00:00,history,Donnée importée via pipeline ETL vectorisé
U115,Avatar Part I,2.6,2026-03-08 14:15:00,history,Donnée importée via pipeline ETL vectorisé
U115,Seven Reborn,3.5,2026-03-25 20:00:00,history,Donnée importée via pipeline ETL vectorisé
U115,Gladiator Legacy,5.0,2026-04-10 16:45:00,history,Donnée importée via pipeline ETL vectorisé
U115,Superbad Original,1.0,2026-05-01 19:30:00,history,Donnée importée via pipeline ETL vectorisé
U116,Avatar Original,4.7,2026-01-15 10:00:00,history,Donnée importée via pipeline ETL vectorisé
U116,Superbad Original,1.6,2026-06-01 00:00:00,history,Donnée importée via pipeline ETL vectorisé
U116,Parasite Original,4.8,2026-02-20 21:00:00,history,Donnée importée via pipeline ETL vectorisé
U116,The Hangover Original,2.2,2026-03-08 14:15:00,history,Donnée importée via pipeline ETL vectorisé
U116,Gladiator Legacy,3.6,2026-03-25 20:00:00,history,Donnée importée via pipeline ETL vectorisé
U116,Avatar Part I,5.0,2026-04-10 16:45:00,history,Donnée importée via pipeline ETL vectorisé
U116,The Conjuring Original,3.5,2026-05-01 19:30:00,history,Donnée importée via pipeline ETL vectorisé
U117,La La Land Original,3.8,2026-01-15 10:00:00,history,Donnée importée via pipeline ETL vectorisé
U117,Avatar Part I,3.1,2026-02-03 18:30:00,history,Donnée importée via pipeline ETL vectorisé
U117,Toy Story Evolution,2.6,2026-02-20 21:00:00,history,Donnée importée via pipeline ETL vectorisé
U117,The Conjuring Original,1.5,2026-03-08 14:15:00,history,Donnée importée via pipeline ETL vectorisé
U118,Titanic Original,3.2,2026-01-15 10:00:00,history,Donnée importée via pipeline ETL vectorisé
U118,Spirited Away Original,3.5,2026-02-03 18:30:00,history,Donnée importée via pipeline ETL vectorisé
U118,Toy Story Original,3.9,2026-02-20 21:00:00,history,Donnée importée via pipeline ETL vectorisé
U118,The Matrix Reloaded,2.8,2026-03-08 14:15:00,history,Donnée importée via pipeline ETL vectorisé
U118,Get Out Original,2.8,2026-04-10 16:45:00,history,Donnée importée via pipeline ETL vectorisé
U119,Gladiator Original,3.7,2026-01-15 10:00:00,history,Donnée importée via pipeline ETL vectorisé
U119,Parasite Original,4.2,2026-02-03 18:30:00,history,Donnée importée via pipeline ETL vectorisé
U119,Titanic Original,4.9,2026-02-20 21:00:00,history,Donnée importée via pipeline ETL vectorisé
U120,The Conjuring Original,2.9,2026-01-15 10:00:00,history,Donnée importée via pipeline ETL vectorisé
U120,The Dark Knight Original,3.0,2026-02-03 18:30:00,history,Donnée importée via pipeline ETL vectorisé
U120,The Matrix Reloaded,3.6,2026-02-20 21:00:00,history,Donnée importée via pipeline ETL vectorisé
U120,Interstellar Original,2.8,2026-03-08 14:15:00,history,Donnée importée via pipeline ETL vectorisé
U121,Seven Reborn,2.8,2026-01-15 10:00:00,history,Donnée importée via pipeline ETL vectorisé
U121,Get Out Original,3.2,2026-02-03 18:30:00,history,Donnée importée via pipeline ETL vectorisé
U121,Gladiator Legacy,2.6,2026-02-20 21:00:00,history,Donnée importée via pipeline ETL vectorisé
U121,Parasite Original,3.6,2026-03-08 14:15:00,history,Donnée importée via pipeline ETL vectorisé
U121,Avatar Part I,3.1,2026-03-25 20:00:00,history,Donnée importée via pipeline ETL vectorisé
U122,Superbad Original,3.7,2026-06-01 00:00:00,history,Donnée importée via pipeline ETL vectorisé
U122,The Hangover Original,4.8,2026-02-03 18:30:00,history,Donnée importée via pipeline ETL vectorisé
U122,The Dark Knight Original,3.9,2026-02-20 21:00:00,history,Donnée importée via pipeline ETL vectorisé
U122,The Matrix Reloaded,4.2,2026-03-08 14:15:00,history,Donnée importée via pipeline ETL vectorisé
U122,Interstellar Original,3.0,2026-03-25 20:00:00,history,Donnée importée via pipeline ETL vectorisé
U123,Interstellar Original,3.9,2026-01-15 10:00:00,history,Donnée importée via pipeline ETL vectorisé
U123,The Dark Knight Original,4.2,2026-02-03 18:30:00,history,Donnée importée via pipeline ETL vectorisé
U123,The Hangover Original,3.9,2026-06-01 00:00:00,history,Donnée importée via pipeline ETL vectorisé
U123,The Matrix Original,4.7,2026-03-08 14:15:00,history,Donnée importée via pipeline ETL vectorisé
U123,Avatar Original,4.7,2026-03-25 20:00:00,history,Donnée importée via pipeline ETL vectorisé
U124,Superbad Original,1.1,2026-01-15 10:00:00,history,Donnée importée via pipeline ETL vectorisé
U124,The Matrix Original,3.9,2026-02-20 21:00:00,history,Donnée importée via pipeline ETL vectorisé
U125,The Conjuring Original,4.1,2026-01-15 10:00:00,history,Donnée importée via pipeline ETL vectorisé
U125,Superbad Original,2.1,2026-02-03 18:30:00,history,Donnée importée via pipeline ETL vectorisé
U125,Titanic Original,5.0,2026-02-20 21:00:00,history,Donnée importée via pipeline ETL vectorisé
U125,Get Out Original,4.6,2026-03-08 14:15:00,history,Donnée importée via pipeline ETL vectorisé
U125,Blade Runner 2049 Original,3.0,2026-03-25 20:00:00,history,Donnée importée via pipeline ETL vectorisé
U125,Avatar Part I,3.2,2026-04-10 16:45:00,history,Donnée importée via pipeline ETL vectorisé
U126,Parasite Original,3.7,2026-01-15 10:00:00,history,Donnée importée via pipeline ETL vectorisé
U126,Avatar Original,4.2,2026-02-03 18:30:00,history,Donnée importée via pipeline ETL vectorisé
U126,Seven Original,5.0,2026-02-20 21:00:00,history,Donnée importée via pipeline ETL vectorisé
U126,Gladiator Legacy,3.1,2026-03-08 14:15:00,history,Donnée importée via pipeline ETL vectorisé
U126,The Conjuring Original,4.6,2026-03-25 20:00:00,history,Donnée importée via pipeline ETL vectorisé
U126,Superbad Original,1.9,2026-04-10 16:45:00,history,Donnée importée via pipeline ETL vectorisé
U126,Titanic Original,4.2,2026-05-01 19:30:00,history,Donnée importée via pipeline ETL vectorisé
U127,La La Land Original,3.7,2026-01-15 10:00:00,history,Donnée importée via pipeline ETL vectorisé
U127,Avatar Part I,3.0,2026-02-03 18:30:00,history,Donnée importée via pipeline ETL vectorisé
U127,Titanic Original,4.0,2026-02-20 21:00:00,history,Donnée importée via pipeline ETL vectorisé
U128,Toy Story Original,3.6,2026-01-15 10:00:00,history,Donnée importée via pipeline ETL vectorisé
U128,Spirited Away Original,4.4,2026-02-03 18:30:00,history,Donnée importée via pipeline ETL vectorisé
U128,Interstellar Original,4.3,2026-02-20 21:00:00,history,Donnée importée via pipeline ETL vectorisé
U128,Superbad Original,4.7,2026-03-08 14:15:00,history,Donnée importée via pipeline ETL vectorisé
U128,Blade Runner 2049 Original,3.8,2026-03-25 20:00:00,history,Donnée importée via pipeline ETL vectorisé
U128,The Conjuring Original,1.1,2026-04-10 16:45:00,history,Donnée importée via pipeline ETL vectorisé
U128,Get Out Original,2.3,2026-05-01 19:30:00,history,Donnée importée via pipeline ETL vectorisé
U129,Spirited Away Original,3.7,2026-01-15 10:00:00,history,Donnée importée via pipeline ETL vectorisé
U129,Gladiator Original,3.9,2026-02-03 18:30:00,history,Donnée importée via pipeline ETL vectorisé
U129,Avatar Part I,2.9,2026-02-20 21:00:00,history,Donnée importée via pipeline ETL vectorisé
U129,Titanic Original,4.5,2026-03-08 14:15:00,history,Donnée importée via pipeline ETL vectorisé
U129,Parasite Original,4.4,2026-03-25 20:00:00,history,Donnée importée via pipeline ETL vectorisé
U129,Pulp Fiction Original,5.0,2026-04-10 16:45:00,history,Donnée importée via pipeline ETL vectorisé
U130,The Dark Knight Original,3.6,2026-01-15 10:00:00,history,Donnée importée via pipeline ETL vectorisé
U130,The Matrix Reloaded,2.5,2026-06-01 00:00:00,history,Donnée importée via pipeline ETL vectorisé
U130,Parasite Original,2.7,2026-02-20 21:00:00,history,Donnée importée via pipeline ETL vectorisé
U130,Blade Runner 2049 Original,3.3,2026-03-08 14:15:00,history,Donnée importée via pipeline ETL vectorisé
U130,The Conjuring Original,2.9,2026-03-25 20:00:00,history,Donnée importée via pipeline ETL vectorisé
U130,The Hangover Original,3.3,2026-04-10 16:45:00,history,Donnée importée via pipeline ETL vectorisé
U130,Seven Reborn,3.8,2026-05-01 19:30:00,history,Donnée importée via pipeline ETL vectorisé
U131,Toy Story Evolution,3.9,2026-01-15 10:00:00,history,Donnée importée via pipeline ETL vectorisé
U131,The Matrix Reloaded,3.0,2026-02-03 18:30:00,history,Donnée importée via pipeline ETL vectorisé
U131,Avatar Part I,2.7,2026-02-20 21:00:00,history,Donnée importée via pipeline ETL vectorisé
U131,Pulp Fiction Original,3.1,2026-03-08 14:15:00,history,Donnée importée via pipeline ETL vectorisé
U131,The Conjuring Original,5.0,2026-03-25 20:00:00,history,Donnée importée via pipeline ETL vectorisé
U131,Superbad Original,3.4,2026-04-10 16:45:00,history,Donnée importée via pipeline ETL vectorisé
U131,The Dark Knight Original,5.0,2026-05-01 19:30:00,history,Donnée importée via pipeline ETL vectorisé
U132,Superbad Original,4.2,2026-01-15 10:00:00,history,Donnée importée via pipeline ETL vectorisé
U132,The Hangover Original,4.6,2026-02-03 18:30:00,history,Donnée importée via pipeline ETL vectorisé
U132,Seven Original,2.6,2026-03-08 14:15:00,history,Donnée importée via pipeline ETL vectorisé
U132,Get Out Original,3.9,2026-03-25 20:00:00,history,Donnée importée via pipeline ETL vectorisé
U132,The Matrix Reloaded,4.9,2026-04-10 16:45:00,history,Donnée importée via pipeline ETL vectorisé
U132,Avatar Original,2.2,2026-05-01 19:30:00,history,Donnée importée via pipeline ETL vectorisé
U133,The Dark Knight Original,4.4,2026-01-15 10:00:00,history,Donnée importée via pipeline ETL vectorisé
U133,Titanic Original,1.7,2026-02-03 18:30:00,history,Donnée importée via pipeline ETL vectorisé
U133,Avatar Original,5.0,2026-02-20 21:00:00,history,Donnée importée via pipeline ETL vectorisé
U133,Gladiator Original,4.1,2026-03-08 14:15:00,history,Donnée importée via pipeline ETL vectorisé
U133,The Matrix Original,3.6,2026-03-25 20:00:00,history,Donnée importée via pipeline ETL vectorisé
U133,Spirited Away Original,3.9,2026-04-10 16:45:00,history,Donnée importée via pipeline ETL vectorisé
U133,Seven Reborn,2.5,2026-05-01 19:30:00,history,Donnée importée via pipeline ETL vectorisé
U134,Superbad Original,2.1,2026-01-15 10:00:00,history,Donnée importée via pipeline ETL vectorisé
U134,The Hangover Original,1.5,2026-02-03 18:30:00,history,Donnée importée via pipeline ETL vectorisé
U134,The Matrix Original,3.9,2026-02-20 21:00:00,history,Donnée importée via pipeline ETL vectorisé
U134,The Conjuring Original,2.7,2026-03-08 14:15:00,history,Donnée importée via pipeline ETL vectorisé
U134,Interstellar Original,5.0,2026-03-25 20:00:00,history,Donnée importée via pipeline ETL vectorisé
U135,The Conjuring Original,3.7,2026-01-15 10:00:00,history,Donnée importée via pipeline ETL vectorisé
U135,Interstellar Original,3.9,2026-02-03 18:30:00,history,Donnée importée via pipeline ETL vectorisé
U135,Get Out Original,4.4,2026-02-20 21:00:00,history,Donnée importée via pipeline ETL vectorisé
U135,Superbad Original,4.9,2026-03-08 14:15:00,history,Donnée importée via pipeline ETL vectorisé
U136,Seven Original,4.3,2026-01-15 10:00:00,history,Donnée importée via pipeline ETL vectorisé
U136,Avatar Original,4.5,2026-02-03 18:30:00,history,Donnée importée via pipeline ETL vectorisé
U136,Superbad Original,2.6,2026-02-20 21:00:00,history,Donnée importée via pipeline ETL vectorisé
U136,Parasite Original,4.1,2026-03-08 14:15:00,history,Donnée importée via pipeline ETL vectorisé
U137,Titanic Original,5.0,2026-01-15 10:00:00,history,Donnée importée via pipeline ETL vectorisé
U137,Parasite Original,2.6,2026-02-03 18:30:00,history,Donnée importée via pipeline ETL vectorisé
U137,La La Land Original,5.0,2026-02-20 21:00:00,history,Donnée importée via pipeline ETL vectorisé
U137,The Hangover Original,3.8,2026-03-08 14:15:00,history,Donnée importée via pipeline ETL vectorisé
U137,The Conjuring Original,2.1,2026-03-25 20:00:00,history,Donnée importée via pipeline ETL vectorisé
U137,La La Land Saga,4.1,2026-04-10 16:45:00,history,Donnée importée via pipeline ETL vectorisé
U138,Spirited Away Original,4.9,2026-01-15 10:00:00,history,Donnée importée via pipeline ETL vectorisé
U138,Toy Story Original,3.9,2026-02-03 18:30:00,history,Donnée importée via pipeline ETL vectorisé
U138,The Matrix Reloaded,3.1,2026-02-20 21:00:00,history,Donnée importée via pipeline ETL vectorisé
U138,The Conjuring Original,4.1,2026-03-08 14:15:00,history,Donnée importée via pipeline ETL vectorisé
U139,Pulp Fiction Original,3.8,2026-01-15 10:00:00,history,Donnée importée via pipeline ETL vectorisé
U139,Gladiator Original,3.5,2026-02-03 18:30:00,history,Donnée importée via pipeline ETL vectorisé
U139,The Conjuring Original,1.4,2026-02-20 21:00:00,history,Donnée importée via pipeline ETL vectorisé
U140,The Conjuring Original,3.6,2026-01-15 10:00:00,history,Donnée importée via pipeline ETL vectorisé
U140,Parasite Original,2.7,2026-02-03 18:30:00,history,Donnée importée via pipeline ETL vectorisé
U140,Interstellar Original,2.9,2026-03-08 14:15:00,history,Donnée importée via pipeline ETL vectorisé
U140,The Matrix Reloaded,2.8,2026-03-25 20:00:00,history,Donnée importée via pipeline ETL vectorisé
U141,Seven Reborn,3.8,2026-01-15 10:00:00,history,Donnée importée via pipeline ETL vectorisé
U141,The Matrix Reloaded,2.6,2026-02-03 18:30:00,history,Donnée importée via pipeline ETL vectorisé
U141,Gladiator Legacy,3.9,2026-06-01 00:00:00,history,Donnée importée via pipeline ETL vectorisé
U141,Spirited Away Original,5.0,2026-03-08 14:15:00,history,Donnée importée via pipeline ETL vectorisé
U141,La La Land Saga,3.6,2026-06-01 00:00:00,history,Donnée importée via pipeline ETL vectorisé
U142,Superbad Original,4.9,2026-01-15 10:00:00,history,Donnée importée via pipeline ETL vectorisé
U142,The Hangover Original,3.8,2026-02-03 18:30:00,history,Donnée importée via pipeline ETL vectorisé
U142,Parasite Original,4.3,2026-02-20 21:00:00,history,Donnée importée via pipeline ETL vectorisé
U143,The Matrix Original,4.5,2026-01-15 10:00:00,history,Donnée importée via pipeline ETL vectorisé
U143,The Dark Knight Original,4.2,2026-02-03 18:30:00,history,Donnée importée via pipeline ETL vectorisé
U143,Get Out Original,3.0,2026-02-20 21:00:00,history,Donnée importée via pipeline ETL vectorisé
U143,Avatar Original,4.8,2026-03-08 14:15:00,history,Donnée importée via pipeline ETL vectorisé
U143,Titanic Original,1.3,2026-03-25 20:00:00,history,Donnée importée via pipeline ETL vectorisé
U144,The Matrix Reloaded,3.1,2026-01-15 10:00:00,history,Donnée importée via pipeline ETL vectorisé
U144,The Hangover Original,3.6,2026-02-20 21:00:00,history,Donnée importée via pipeline ETL vectorisé
U145,Superbad Original,2.5,2026-01-15 10:00:00,history,Donnée importée via pipeline ETL vectorisé
U145,The Conjuring Original,4.0,2026-02-03 18:30:00,history,Donnée importée via pipeline ETL vectorisé
U145,Interstellar Original,3.5,2026-02-20 21:00:00,history,Donnée importée via pipeline ETL vectorisé
U145,The Hangover Original,1.2,2026-03-08 14:15:00,history,Donnée importée via pipeline ETL vectorisé
U145,Get Out Original,4.7,2026-03-25 20:00:00,history,Donnée importée via pipeline ETL vectorisé
U146,Get Out Original,2.5,2026-01-15 10:00:00,history,Donnée importée via pipeline ETL vectorisé
U146,Superbad Original,2.8,2026-02-03 18:30:00,history,Donnée importée via pipeline ETL vectorisé
U146,The Hangover Original,3.5,2026-06-01 00:00:00,history,Donnée importée via pipeline ETL vectorisé
U146,Avatar Original,3.9,2026-03-08 14:15:00,history,Donnée importée via pipeline ETL vectorisé
U146,Parasite Original,4.3,2026-03-25 20:00:00,history,Donnée importée via pipeline ETL vectorisé
U147,Interstellar Original,3.6,2026-01-15 10:00:00,history,Donnée importée via pipeline ETL vectorisé
U147,Gladiator Original,1.0,2026-02-03 18:30:00,history,Donnée importée via pipeline ETL vectorisé
U147,Titanic Original,4.6,2026-02-20 21:00:00,history,Donnée importée via pipeline ETL vectorisé
U147,La La Land Original,4.2,2026-03-08 14:15:00,history,Donnée importée via pipeline ETL vectorisé
U147,Avatar Part I,3.9,2026-03-25 20:00:00,history,Donnée importée via pipeline ETL vectorisé
U147,Avatar Original,1.4,2026-04-10 16:45:00,history,Donnée importée via pipeline ETL vectorisé
U148,Spirited Away Original,4.2,2026-01-15 10:00:00,history,Donnée importée via pipeline ETL vectorisé
U148,The Hangover Original,3.2,2026-02-03 18:30:00,history,Donnée importée via pipeline ETL vectorisé
U148,Interstellar Original,3.1,2026-02-20 21:00:00,history,Donnée importée via pipeline ETL vectorisé
U148,Toy Story Original,3.7,2026-03-08 14:15:00,history,Donnée importée via pipeline ETL vectorisé
U149,Pulp Fiction Original,3.6,2026-01-15 10:00:00,history,Donnée importée via pipeline ETL vectorisé
U149,The Conjuring Original,1.4,2026-02-03 18:30:00,history,Donnée importée via pipeline ETL vectorisé
U149,Gladiator Original,4.0,2026-02-20 21:00:00,history,Donnée importée via pipeline ETL vectorisé
U150,La La Land Saga,2.9,2026-01-15 10:00:00,history,Donnée importée via pipeline ETL vectorisé
U150,Interstellar Original,3.7,2026-02-03 18:30:00,history,Donnée importée via pipeline ETL vectorisé
U150,The Conjuring Original,3.0,2026-06-01 00:00:00,history,Donnée importée via pipeline ETL vectorisé
U150,Avatar Part I,3.9,2026-03-08 14:15:00,history,Donnée importée via pipeline ETL vectorisé
U151,Spirited Away Original,2.7,2026-01-15 10:00:00,history,Donnée importée via pipeline ETL vectorisé
U151,Parasite Original,2.9,2026-02-03 18:30:00,history,Donnée importée via pipeline ETL vectorisé
U151,Gladiator Legacy,2.5,2026-03-08 14:15:00,history,Donnée importée via pipeline ETL vectorisé
U152,The Conjuring Original,3.4,2026-01-15 10:00:00,history,Donnée importée via pipeline ETL vectorisé
U152,Superbad Original,4.5,2026-02-03 18:30:00,history,Donnée importée via pipeline ETL vectorisé
U152,The Hangover Original,4.7,2026-02-20 21:00:00,history,Donnée importée via pipeline ETL vectorisé
U152,Seven Reborn,3.9,2026-03-08 14:15:00,history,Donnée importée via pipeline ETL vectorisé
U153,Avatar Original,5.0,2026-01-15 10:00:00,history,Donnée importée via pipeline ETL vectorisé
U153,The Dark Knight Original,4.2,2026-02-03 18:30:00,history,Donnée importée via pipeline ETL vectorisé
U153,Superbad Original,2.5,2026-02-20 21:00:00,history,Donnée importée via pipeline ETL vectorisé
U153,Get Out Original,3.2,2026-03-08 14:15:00,history,Donnée importée via pipeline ETL vectorisé
U153,The Matrix Original,4.8,2026-03-25 20:00:00,history,Donnée importée via pipeline ETL vectorisé
U153,Gladiator Original,3.8,2026-04-10 16:45:00,history,Donnée importée via pipeline ETL vectorisé
U154,Spirited Away Original,3.0,2026-01-15 10:00:00,history,Donnée importée via pipeline ETL vectorisé
U154,Titanic Original,2.2,2026-02-03 18:30:00,history,Donnée importée via pipeline ETL vectorisé
U154,La La Land Original,2.6,2026-02-20 21:00:00,history,Donnée importée via pipeline ETL vectorisé
U154,Blade Runner 2049 Original,4.0,2026-03-08 14:15:00,history,Donnée importée via pipeline ETL vectorisé
U154,La La Land Saga,3.9,2026-04-10 16:45:00,history,Donnée importée via pipeline ETL vectorisé
U155,Get Out Original,4.1,2026-01-15 10:00:00,history,Donnée importée via pipeline ETL vectorisé
U155,La La Land Original,2.9,2026-02-03 18:30:00,history,Donnée importée via pipeline ETL vectorisé
U155,The Conjuring Original,3.5,2026-02-20 21:00:00,history,Donnée importée via pipeline ETL vectorisé
U155,Pulp Fiction Original,3.9,2026-03-08 14:15:00,history,Donnée importée via pipeline ETL vectorisé
U156,The Conjuring Original,3.5,2026-01-15 10:00:00,history,Donnée importée via pipeline ETL vectorisé
U156,Parasite Original,4.5,2026-02-03 18:30:00,history,Donnée importée via pipeline ETL vectorisé
U156,Toy Story Original,1.3,2026-02-20 21:00:00,history,Donnée importée via pipeline ETL vectorisé
U156,Spirited Away Original,1.5,2026-03-08 14:15:00,history,Donnée importée via pipeline ETL vectorisé
U156,Pulp Fiction Original,3.5,2026-03-25 20:00:00,history,Donnée importée via pipeline ETL vectorisé
U157,La La Land Original,4.8,2026-01-15 10:00:00,history,Donnée importée via pipeline ETL vectorisé
U157,Interstellar Original,3.2,2026-02-03 18:30:00,history,Donnée importée via pipeline ETL vectorisé
U157,Titanic Original,4.0,2026-02-20 21:00:00,history,Donnée importée via pipeline ETL vectorisé
U157,The Matrix Reloaded,3.7,2026-03-08 14:15:00,history,Donnée importée via pipeline ETL vectorisé
U157,Seven Reborn,2.8,2026-03-25 20:00:00,history,Donnée importée via pipeline ETL vectorisé
U157,The Dark Knight Original,3.1,2026-04-10 16:45:00,history,Donnée importée via pipeline ETL vectorisé
U158,Spirited Away Original,3.7,2026-01-15 10:00:00,history,Donnée importée via pipeline ETL vectorisé
U158,Interstellar Original,3.0,2026-02-03 18:30:00,history,Donnée importée via pipeline ETL vectorisé
U158,The Conjuring Original,2.0,2026-02-20 21:00:00,history,Donnée importée via pipeline ETL vectorisé
U159,Seven Reborn,2.9,2026-01-15 10:00:00,history,Donnée importée via pipeline ETL vectorisé
U159,The Conjuring Original,2.4,2026-02-03 18:30:00,history,Donnée importée via pipeline ETL vectorisé
U159,Pulp Fiction Original,3.7,2026-02-20 21:00:00,history,Donnée importée via pipeline ETL vectorisé
U160,Titanic Original,3.8,2026-01-15 10:00:00,history,Donnée importée via pipeline ETL vectorisé
U160,La La Land Saga,3.3,2026-02-03 18:30:00,history,Donnée importée via pipeline ETL vectorisé
U160,Gladiator Legacy,3.4,2026-02-20 21:00:00,history,Donnée importée via pipeline ETL vectorisé
U161,Spirited Away Original,3.1,2026-01-15 10:00:00,history,Donnée importée via pipeline ETL vectorisé
U161,Superbad Original,2.6,2026-02-03 18:30:00,history,Donnée importée via pipeline ETL vectorisé
U161,The Conjuring Original,3.2,2026-02-20 21:00:00,history,Donnée importée via pipeline ETL vectorisé
U162,Avatar Original,2.4,2026-01-15 10:00:00,history,Donnée importée via pipeline ETL vectorisé
U162,The Hangover Original,4.5,2026-02-03 18:30:00,history,Donnée importée via pipeline ETL vectorisé
U162,Superbad Original,3.6,2026-02-20 21:00:00,history,Donnée importée via pipeline ETL vectorisé
U163,The Dark Knight Original,3.6,2026-01-15 10:00:00,history,Donnée importée via pipeline ETL vectorisé
U163,Gladiator Original,4.9,2026-02-03 18:30:00,history,Donnée importée via pipeline ETL vectorisé
U163,The Matrix Original,4.6,2026-02-20 21:00:00,history,Donnée importée via pipeline ETL vectorisé
U163,Spirited Away Original,2.1,2026-03-08 14:15:00,history,Donnée importée via pipeline ETL vectorisé
U163,Avatar Original,4.5,2026-03-25 20:00:00,history,Donnée importée via pipeline ETL vectorisé
U163,The Hangover Original,2.7,2026-06-01 00:00:00,history,Donnée importée via pipeline ETL vectorisé
U164,The Matrix Original,4.1,2026-02-03 18:30:00,history,Donnée importée via pipeline ETL vectorisé
U164,Interstellar Original,4.7,2026-02-20 21:00:00,history,Donnée importée via pipeline ETL vectorisé
U164,Blade Runner 2049 Original,5.0,2026-03-08 14:15:00,history,Donnée importée via pipeline ETL vectorisé
U164,The Hangover Original,4.4,2026-03-25 20:00:00,history,Donnée importée via pipeline ETL vectorisé
U164,Pulp Fiction Original,4.9,2026-06-01 00:00:00,history,Donnée importée via pipeline ETL vectorisé
U165,Interstellar Original,3.1,2026-01-15 10:00:00,history,Donnée importée via pipeline ETL vectorisé
U165,The Conjuring Original,4.3,2026-02-03 18:30:00,history,Donnée importée via pipeline ETL vectorisé
U165,Titanic Original,2.1,2026-02-20 21:00:00,history,Donnée importée via pipeline ETL vectorisé
U165,Get Out Original,3.7,2026-03-08 14:15:00,history,Donnée importée via pipeline ETL vectorisé
U165,The Hangover Original,4.0,2026-03-25 20:00:00,history,Donnée importée via pipeline ETL vectorisé
U165,Spirited Away Original,3.8,2026-04-10 16:45:00,history,Donnée importée via pipeline ETL vectorisé
U166,Parasite Original,4.5,2026-01-15 10:00:00,history,Donnée importée via pipeline ETL vectorisé
U166,Seven Original,4.1,2026-02-03 18:30:00,history,Donnée importée via pipeline ETL vectorisé
U166,La La Land Saga,3.6,2026-02-20 21:00:00,history,Donnée importée via pipeline ETL vectorisé
U166,Avatar Original,3.7,2026-03-08 14:15:00,history,Donnée importée via pipeline ETL vectorisé
U167,La La Land Original,5.0,2026-01-15 10:00:00,history,Donnée importée via pipeline ETL vectorisé
U167,The Matrix Original,2.1,2026-02-03 18:30:00,history,Donnée importée via pipeline ETL vectorisé
U167,Titanic Original,4.8,2026-02-20 21:00:00,history,Donnée importée via pipeline ETL vectorisé
U167,Get Out Original,2.0,2026-03-08 14:15:00,history,Donnée importée via pipeline ETL vectorisé
U167,Seven Reborn,3.9,2026-03-25 20:00:00,history,Donnée importée via pipeline ETL vectorisé
U167,Avatar Part I,4.8,2026-04-10 16:45:00,history,Donnée importée via pipeline ETL vectorisé
U168,Toy Story Original,4.8,2026-01-15 10:00:00,history,Donnée importée via pipeline ETL vectorisé
U168,The Conjuring Original,2.7,2026-02-03 18:30:00,history,Donnée importée via pipeline ETL vectorisé
U168,Gladiator Legacy,3.1,2026-02-20 21:00:00,history,Donnée importée via pipeline ETL vectorisé
U168,Seven Original,2.4,2026-03-08 14:15:00,history,Donnée importée via pipeline ETL vectorisé
U168,Spirited Away Original,3.6,2026-03-25 20:00:00,history,Donnée importée via pipeline ETL vectorisé
U168,Seven Reborn,3.6,2026-04-10 16:45:00,history,Donnée importée via pipeline ETL vectorisé
U169,The Matrix Original,2.1,2026-01-15 10:00:00,history,Donnée importée via pipeline ETL vectorisé
U169,Gladiator Original,3.9,2026-02-03 18:30:00,history,Donnée importée via pipeline ETL vectorisé
U169,Parasite Original,4.0,2026-02-20 21:00:00,history,Donnée importée via pipeline ETL vectorisé
U170,Gladiator Legacy,3.0,2026-01-15 10:00:00,history,Donnée importée via pipeline ETL vectorisé
U170,The Matrix Reloaded,2.8,2026-02-03 18:30:00,history,Donnée importée via pipeline ETL vectorisé
U170,Seven Reborn,3.1,2026-02-20 21:00:00,history,Donnée importée via pipeline ETL vectorisé
U170,The Hangover Original,3.4,2026-03-08 14:15:00,history,Donnée importée via pipeline ETL vectorisé
U170,La La Land Saga,2.8,2026-04-10 16:45:00,history,Donnée importée via pipeline ETL vectorisé
U170,Parasite Original,2.9,2026-05-01 19:30:00,history,Donnée importée via pipeline ETL vectorisé
U171,Interstellar Original,5.0,2026-01-15 10:00:00,history,Donnée importée via pipeline ETL vectorisé
U171,Parasite Original,3.3,2026-06-01 00:00:00,history,Donnée importée via pipeline ETL vectorisé
U171,Gladiator Legacy,3.6,2026-02-20 21:00:00,history,Donnée importée via pipeline ETL vectorisé
U171,Toy Story Evolution,3.4,2026-03-08 14:15:00,history,Donnée importée via pipeline ETL vectorisé
U171,Spirited Away Original,3.3,2026-03-25 20:00:00,history,Donnée importée via pipeline ETL vectorisé
U172,Spirited Away Original,3.0,2026-01-15 10:00:00,history,Donnée importée via pipeline ETL vectorisé
U172,The Dark Knight Original,3.3,2026-02-03 18:30:00,history,Donnée importée via pipeline ETL vectorisé
U172,Interstellar Original,3.2,2026-02-20 21:00:00,history,Donnée importée via pipeline ETL vectorisé
U172,The Hangover Original,3.6,2026-03-08 14:15:00,history,Donnée importée via pipeline ETL vectorisé
U172,Superbad Original,4.7,2026-03-25 20:00:00,history,Donnée importée via pipeline ETL vectorisé
U172,Blade Runner 2049 Original,5.0,2026-06-01 00:00:00,history,Donnée importée via pipeline ETL vectorisé
U172,Avatar Part I,4.8,2026-05-01 19:30:00,history,Donnée importée via pipeline ETL vectorisé
U173,The Conjuring Original,3.6,2026-02-03 18:30:00,history,Donnée importée via pipeline ETL vectorisé
U173,Avatar Original,3.7,2026-02-20 21:00:00,history,Donnée importée via pipeline ETL vectorisé
U173,Gladiator Original,3.6,2026-03-08 14:15:00,history,Donnée importée via pipeline ETL vectorisé
U173,Titanic Original,2.2,2026-03-25 20:00:00,history,Donnée importée via pipeline ETL vectorisé
U173,The Dark Knight Original,4.9,2026-04-10 16:45:00,history,Donnée importée via pipeline ETL vectorisé
U174,Interstellar Original,4.1,2026-02-03 18:30:00,history,Donnée importée via pipeline ETL vectorisé
U174,The Matrix Original,4.5,2026-02-20 21:00:00,history,Donnée importée via pipeline ETL vectorisé
U175,Get Out Original,5.0,2026-01-15 10:00:00,history,Donnée importée via pipeline ETL vectorisé
U175,The Dark Knight Original,3.2,2026-02-03 18:30:00,history,Donnée importée via pipeline ETL vectorisé
U175,Pulp Fiction Original,3.3,2026-02-20 21:00:00,history,Donnée importée via pipeline ETL vectorisé
U175,The Conjuring Original,4.2,2026-03-08 14:15:00,history,Donnée importée via pipeline ETL vectorisé
U176,Avatar Original,4.9,2026-01-15 10:00:00,history,Donnée importée via pipeline ETL vectorisé
U176,Parasite Original,4.6,2026-06-01 00:00:00,history,Donnée importée via pipeline ETL vectorisé
U176,Get Out Original,3.8,2026-02-20 21:00:00,history,Donnée importée via pipeline ETL vectorisé
U176,Superbad Original,2.4,2026-03-08 14:15:00,history,Donnée importée via pipeline ETL vectorisé
U177,La La Land Original,3.9,2026-01-15 10:00:00,history,Donnée importée via pipeline ETL vectorisé
U177,Titanic Original,4.5,2026-02-03 18:30:00,history,Donnée importée via pipeline ETL vectorisé
U177,Seven Reborn,2.7,2026-03-08 14:15:00,history,Donnée importée via pipeline ETL vectorisé
U177,Spirited Away Original,4.4,2026-03-25 20:00:00,history,Donnée importée via pipeline ETL vectorisé
U177,Toy Story Evolution,5.0,2026-04-10 16:45:00,history,Donnée importée via pipeline ETL vectorisé
U178,Spirited Away Original,4.7,2026-01-15 10:00:00,history,Donnée importée via pipeline ETL vectorisé
U178,The Conjuring Original,3.6,2026-02-03 18:30:00,history,Donnée importée via pipeline ETL vectorisé
U178,Toy Story Original,3.7,2026-02-20 21:00:00,history,Donnée importée via pipeline ETL vectorisé
U178,La La Land Saga,4.3,2026-03-08 14:15:00,history,Donnée importée via pipeline ETL vectorisé
U178,Seven Reborn,2.9,2026-03-25 20:00:00,history,Donnée importée via pipeline ETL vectorisé
U179,Get Out Original,3.2,2026-01-15 10:00:00,history,Donnée importée via pipeline ETL vectorisé
U179,Gladiator Original,3.8,2026-02-03 18:30:00,history,Donnée importée via pipeline ETL vectorisé
U179,Pulp Fiction Original,4.2,2026-02-20 21:00:00,history,Donnée importée via pipeline ETL vectorisé
U180,Get Out Original,2.8,2026-01-15 10:00:00,history,Donnée importée via pipeline ETL vectorisé
U180,Gladiator Legacy,5.0,2026-02-03 18:30:00,history,Donnée importée via pipeline ETL vectorisé
U180,The Hangover Original,2.6,2026-02-20 21:00:00,history,Donnée importée via pipeline ETL vectorisé
U180,Seven Reborn,5.0,2026-03-08 14:15:00,history,Donnée importée via pipeline ETL vectorisé
U180,La La Land Saga,3.0,2026-03-25 20:00:00,history,Donnée importée via pipeline ETL vectorisé
U181,Pulp Fiction Original,3.1,2026-01-15 10:00:00,history,Donnée importée via pipeline ETL vectorisé
U181,Gladiator Legacy,2.7,2026-02-03 18:30:00,history,Donnée importée via pipeline ETL vectorisé
U181,The Matrix Reloaded,3.3,2026-02-20 21:00:00,history,Donnée importée via pipeline ETL vectorisé
U181,Superbad Original,2.9,2026-03-25 20:00:00,history,Donnée importée via pipeline ETL vectorisé
U182,The Hangover Original,3.9,2026-01-15 10:00:00,history,Donnée importée via pipeline ETL vectorisé
U182,Parasite Original,1.4,2026-02-03 18:30:00,history,Donnée importée via pipeline ETL vectorisé
U182,Superbad Original,4.2,2026-02-20 21:00:00,history,Donnée importée via pipeline ETL vectorisé
U182,Spirited Away Original,3.8,2026-03-08 14:15:00,history,Donnée importée via pipeline ETL vectorisé
U183,Superbad Original,3.2,2026-01-15 10:00:00,history,Donnée importée via pipeline ETL vectorisé
U183,Gladiator Original,4.3,2026-02-03 18:30:00,history,Donnée importée via pipeline ETL vectorisé
U183,Toy Story Evolution,2.8,2026-02-20 21:00:00,history,Donnée importée via pipeline ETL vectorisé
U184,The Matrix Original,4.5,2026-01-15 10:00:00,history,Donnée importée via pipeline ETL vectorisé
U184,Titanic Original,1.5,2026-02-03 18:30:00,history,Donnée importée via pipeline ETL vectorisé
U184,Seven Reborn,3.0,2026-03-08 14:15:00,history,Donnée importée via pipeline ETL vectorisé
U184,Interstellar Original,4.7,2026-03-25 20:00:00,history,Donnée importée via pipeline ETL vectorisé
U185,La La Land Original,5.0,2026-01-15 10:00:00,history,Donnée importée via pipeline ETL vectorisé
U185,Get Out Original,4.0,2026-02-03 18:30:00,history,Donnée importée via pipeline ETL vectorisé
U185,Interstellar Original,3.1,2026-02-20 21:00:00,history,Donnée importée via pipeline ETL vectorisé
U185,The Conjuring Original,3.5,2026-03-08 14:15:00,history,Donnée importée via pipeline ETL vectorisé
U185,Titanic Original,3.7,2026-03-25 20:00:00,history,Donnée importée via pipeline ETL vectorisé
U185,Superbad Original,3.7,2026-04-10 16:45:00,history,Donnée importée via pipeline ETL vectorisé
U186,Parasite Original,4.4,2026-01-15 10:00:00,history,Donnée importée via pipeline ETL vectorisé
U186,Avatar Original,5.0,2026-02-03 18:30:00,history,Donnée importée via pipeline ETL vectorisé
U186,Seven Original,3.6,2026-02-20 21:00:00,history,Donnée importée via pipeline ETL vectorisé
U186,The Conjuring Original,4.6,2026-03-08 14:15:00,history,Donnée importée via pipeline ETL vectorisé
U187,La La Land Original,4.5,2026-01-15 10:00:00,history,Donnée importée via pipeline ETL vectorisé
U187,Avatar Part I,5.0,2026-02-03 18:30:00,history,Donnée importée via pipeline ETL vectorisé
U187,Titanic Original,5.0,2026-02-20 21:00:00,history,Donnée importée via pipeline ETL vectorisé
U187,Get Out Original,2.9,2026-03-08 14:15:00,history,Donnée importée via pipeline ETL vectorisé
U187,Parasite Original,4.4,2026-03-25 20:00:00,history,Donnée importée via pipeline ETL vectorisé
U188,Spirited Away Original,5.0,2026-02-03 18:30:00,history,Donnée importée via pipeline ETL vectorisé
U188,Gladiator Legacy,2.9,2026-02-20 21:00:00,history,Donnée importée via pipeline ETL vectorisé
U189,The Matrix Original,2.6,2026-01-15 10:00:00,history,Donnée importée via pipeline ETL vectorisé
U189,The Conjuring Original,1.9,2026-02-03 18:30:00,history,Donnée importée via pipeline ETL vectorisé
U190,Gladiator Legacy,2.5,2026-06-01 00:00:00,history,Donnée importée via pipeline ETL vectorisé
U190,Superbad Original,2.7,2026-02-03 18:30:00,history,Donnée importée via pipeline ETL vectorisé
U190,Toy Story Evolution,3.0,2026-02-20 21:00:00,history,Donnée importée via pipeline ETL vectorisé
U190,La La Land Saga,2.8,2026-03-08 14:15:00,history,Donnée importée via pipeline ETL vectorisé
U190,The Dark Knight Original,3.7,2026-03-25 20:00:00,history,Donnée importée via pipeline ETL vectorisé
U190,Blade Runner 2049 Original,3.7,2026-04-10 16:45:00,history,Donnée importée via pipeline ETL vectorisé
U191,Avatar Part I,2.7,2026-01-15 10:00:00,history,Donnée importée via pipeline ETL vectorisé
U191,Spirited Away Original,2.5,2026-02-03 18:30:00,history,Donnée importée via pipeline ETL vectorisé
U191,Toy Story Evolution,3.8,2026-02-20 21:00:00,history,Donnée importée via pipeline ETL vectorisé
U191,The Conjuring Original,3.2,2026-03-08 14:15:00,history,Donnée importée via pipeline ETL vectorisé
U192,Superbad Original,4.5,2026-01-15 10:00:00,history,Donnée importée via pipeline ETL vectorisé
U192,The Matrix Reloaded,2.8,2026-02-03 18:30:00,history,Donnée importée via pipeline ETL vectorisé
U192,Gladiator Legacy,2.7,2026-02-20 21:00:00,history,Donnée importée via pipeline ETL vectorisé
U192,The Hangover Original,4.2,2026-03-08 14:15:00,history,Donnée importée via pipeline ETL vectorisé
U192,Titanic Original,4.6,2026-03-25 20:00:00,history,Donnée importée via pipeline ETL vectorisé
U192,The Conjuring Original,4.4,2026-04-10 16:45:00,history,Donnée importée via pipeline ETL vectorisé
U192,Get Out Original,1.2,2026-05-01 19:30:00,history,Donnée importée via pipeline ETL vectorisé
U193,The Dark Knight Original,4.7,2026-01-15 10:00:00,history,Donnée importée via pipeline ETL vectorisé
U193,Spirited Away Original,1.6,2026-02-03 18:30:00,history,Donnée importée via pipeline ETL vectorisé
U193,Toy Story Original,2.1,2026-02-20 21:00:00,history,Donnée importée via pipeline ETL vectorisé
U194,Seven Reborn,3.6,2026-01-15 10:00:00,history,Donnée importée via pipeline ETL vectorisé
U194,Interstellar Original,5.0,2026-02-03 18:30:00,history,Donnée importée via pipeline ETL vectorisé
U194,The Conjuring Original,3.3,2026-02-20 21:00:00,history,Donnée importée via pipeline ETL vectorisé
U195,The Conjuring Original,3.6,2026-01-15 10:00:00,history,Donnée importée via pipeline ETL vectorisé
U195,Get Out Original,5.0,2026-02-03 18:30:00,history,Donnée importée via pipeline ETL vectorisé
U195,Titanic Original,3.2,2026-02-20 21:00:00,history,Donnée importée via pipeline ETL vectorisé
U195,Gladiator Legacy,3.5,2026-03-08 14:15:00,history,Donnée importée via pipeline ETL vectorisé
U196,Seven Original,4.2,2026-01-15 10:00:00,history,Donnée importée via pipeline ETL vectorisé
U196,Avatar Original,3.9,2026-02-03 18:30:00,history,Donnée importée via pipeline ETL vectorisé
U196,Parasite Original,3.6,2026-02-20 21:00:00,history,Donnée importée via pipeline ETL vectorisé
U196,Blade Runner 2049 Original,3.5,2026-03-08 14:15:00,history,Donnée importée via pipeline ETL vectorisé
U196,La La Land Saga,4.6,2026-03-25 20:00:00,history,Donnée importée via pipeline ETL vectorisé
U196,The Hangover Original,4.0,2026-04-10 16:45:00,history,Donnée importée via pipeline ETL vectorisé
U196,Superbad Original,1.2,2026-05-01 19:30:00,history,Donnée importée via pipeline ETL vectorisé
U197,Toy Story Evolution,3.9,2026-01-15 10:00:00,history,Donnée importée via pipeline ETL vectorisé
U197,La La Land Original,3.7,2026-02-03 18:30:00,history,Donnée importée via pipeline ETL vectorisé
U197,Titanic Original,5.0,2026-02-20 21:00:00,history,Donnée importée via pipeline ETL vectorisé
U197,The Conjuring Original,2.9,2026-03-08 14:15:00,history,Donnée importée via pipeline ETL vectorisé
U198,The Conjuring Original,2.6,2026-06-01 00:00:00,history,Donnée importée via pipeline ETL vectorisé
U198,Spirited Away Original,4.5,2026-02-03 18:30:00,history,Donnée importée via pipeline ETL vectorisé
U198,Toy Story Original,3.8,2026-02-20 21:00:00,history,Donnée importée via pipeline ETL vectorisé
U198,The Matrix Reloaded,3.9,2026-03-08 14:15:00,history,Donnée importée via pipeline ETL vectorisé
U199,Gladiator Legacy,3.3,2026-01-15 10:00:00,history,Donnée importée via pipeline ETL vectorisé
U199,Get Out Original,2.1,2026-02-03 18:30:00,history,Donnée importée via pipeline ETL vectorisé
U199,Titanic Original,3.7,2026-02-20 21:00:00,history,Donnée importée via pipeline ETL vectorisé
U199,Pulp Fiction Original,4.4,2026-03-08 14:15:00,history,Donnée importée via pipeline ETL vectorisé
U199,Parasite Original,4.9,2026-03-25 20:00:00,history,Donnée importée via pipeline ETL vectorisé
U200,Blade Runner 2049 Original,3.2,2026-01-15 10:00:00,history,Donnée importée via pipeline ETL vectorisé
U200,Get Out Original,3.5,2026-02-03 18:30:00,history,Donnée importée via pipeline ETL vectorisé
U200,Pulp Fiction Original,3.3,2026-02-20 21:00:00,history,Donnée importée via pipeline ETL vectorisé
U200,The Hangover Original,2.7,2026-03-08 14:15:00,history,Donnée importée via pipeline ETL vectorisé
U200,The Dark Knight Original,2.8,2026-03-25 20:00:00,history,Donnée importée via pipeline ETL vectorisé
U200,Spirited Away Original,3.7,2026-04-10 16:45:00,history,Donnée importée via pipeline ETL vectorisé
U201,The Dark Knight Original,3.1,2026-06-01 00:00:00,history,Donnée importée via pipeline ETL vectorisé
U201,Blade Runner 2049 Original,2.8,2026-02-03 18:30:00,history,Donnée importée via pipeline ETL vectorisé
U201,Pulp Fiction Original,3.4,2026-02-20 21:00:00,history,Donnée importée via pipeline ETL vectorisé
U201,The Hangover Original,3.8,2026-03-08 14:15:00,history,Donnée importée via pipeline ETL vectorisé
U201,Spirited Away Original,3.1,2026-03-25 20:00:00,history,Donnée importée via pipeline ETL vectorisé
U201,Superbad Original,5.0,2026-04-10 16:45:00,history,Donnée importée via pipeline ETL vectorisé
U201,The Matrix Reloaded,3.1,2026-05-01 19:30:00,history,Donnée importée via pipeline ETL vectorisé
U202,Get Out Original,2.0,2026-01-15 10:00:00,history,Donnée importée via pipeline ETL vectorisé
U202,Titanic Original,3.2,2026-02-03 18:30:00,history,Donnée importée via pipeline ETL vectorisé
U202,The Hangover Original,3.8,2026-02-20 21:00:00,history,Donnée importée via pipeline ETL vectorisé
U202,Superbad Original,4.3,2026-03-25 20:00:00,history,Donnée importée via pipeline ETL vectorisé
U202,Blade Runner 2049 Original,5.0,2026-04-10 16:45:00,history,Donnée importée via pipeline ETL vectorisé
U203,La La Land Original,1.6,2026-01-15 10:00:00,history,Donnée importée via pipeline ETL vectorisé
U203,The Matrix Original,4.3,2026-02-03 18:30:00,history,Donnée importée via pipeline ETL vectorisé
U203,Gladiator Original,3.7,2026-02-20 21:00:00,history,Donnée importée via pipeline ETL vectorisé
U203,Avatar Original,4.9,2026-03-08 14:15:00,history,Donnée importée via pipeline ETL vectorisé
U203,Pulp Fiction Original,3.1,2026-03-25 20:00:00,history,Donnée importée via pipeline ETL vectorisé
U204,Blade Runner 2049 Original,5.0,2026-01-15 10:00:00,history,Donnée importée via pipeline ETL vectorisé
U204,Parasite Original,3.0,2026-02-20 21:00:00,history,Donnée importée via pipeline ETL vectorisé
U204,La La Land Original,2.7,2026-03-08 14:15:00,history,Donnée importée via pipeline ETL vectorisé
U204,Interstellar Original,3.8,2026-03-25 20:00:00,history,Donnée importée via pipeline ETL vectorisé
U204,The Matrix Original,4.9,2026-04-10 16:45:00,history,Donnée importée via pipeline ETL vectorisé
U205,Titanic Original,2.8,2026-01-15 10:00:00,history,Donnée importée via pipeline ETL vectorisé
U205,Get Out Original,4.8,2026-02-03 18:30:00,history,Donnée importée via pipeline ETL vectorisé
U205,The Conjuring Original,3.5,2026-02-20 21:00:00,history,Donnée importée via pipeline ETL vectorisé
U205,La La Land Original,2.5,2026-03-08 14:15:00,history,Donnée importée via pipeline ETL vectorisé
U205,Pulp Fiction Original,3.9,2026-03-25 20:00:00,history,Donnée importée via pipeline ETL vectorisé
U205,La La Land Saga,4.0,2026-04-10 16:45:00,history,Donnée importée via pipeline ETL vectorisé
U206,Seven Original,5.0,2026-01-15 10:00:00,history,Donnée importée via pipeline ETL vectorisé
U206,Parasite Original,2.7,2026-02-03 18:30:00,history,Donnée importée via pipeline ETL vectorisé
U206,Avatar Original,4.4,2026-02-20 21:00:00,history,Donnée importée via pipeline ETL vectorisé
U206,Toy Story Evolution,3.8,2026-03-08 14:15:00,history,Donnée importée via pipeline ETL vectorisé
U207,Titanic Original,4.3,2026-01-15 10:00:00,history,Donnée importée via pipeline ETL vectorisé
U207,La La Land Original,4.0,2026-02-03 18:30:00,history,Donnée importée via pipeline ETL vectorisé
U207,Seven Reborn,3.1,2026-02-20 21:00:00,history,Donnée importée via pipeline ETL vectorisé
U207,Pulp Fiction Original,4.9,2026-03-08 14:15:00,history,Donnée importée via pipeline ETL vectorisé
U207,The Dark Knight Original,2.3,2026-03-25 20:00:00,history,Donnée importée via pipeline ETL vectorisé
U208,Get Out Original,2.2,2026-01-15 10:00:00,history,Donnée importée via pipeline ETL vectorisé
U208,Avatar Part I,3.9,2026-02-03 18:30:00,history,Donnée importée via pipeline ETL vectorisé
U208,The Hangover Original,2.6,2026-02-20 21:00:00,history,Donnée importée via pipeline ETL vectorisé
U208,Spirited Away Original,4.2,2026-03-08 14:15:00,history,Donnée importée via pipeline ETL vectorisé
U208,Toy Story Original,3.6,2026-03-25 20:00:00,history,Donnée importée via pipeline ETL vectorisé
U208,Pulp Fiction Original,4.9,2026-04-10 16:45:00,history,Donnée importée via pipeline ETL vectorisé
U209,Gladiator Original,3.9,2026-01-15 10:00:00,history,Donnée importée via pipeline ETL vectorisé
U209,Parasite Original,3.8,2026-02-03 18:30:00,history,Donnée importée via pipeline ETL vectorisé
U209,Pulp Fiction Original,3.7,2026-02-20 21:00:00,history,Donnée importée via pipeline ETL vectorisé
U210,Spirited Away Original,3.5,2026-01-15 10:00:00,history,Donnée importée via pipeline ETL vectorisé
U210,Pulp Fiction Original,3.0,2026-02-03 18:30:00,history,Donnée importée via pipeline ETL vectorisé
U210,Blade Runner 2049 Original,2.9,2026-02-20 21:00:00,history,Donnée importée via pipeline ETL vectorisé
U211,Get Out Original,3.8,2026-01-15 10:00:00,history,Donnée importée via pipeline ETL vectorisé
U211,The Conjuring Original,3.5,2026-02-03 18:30:00,history,Donnée importée via pipeline ETL vectorisé
U211,Avatar Part I,2.9,2026-02-20 21:00:00,history,Donnée importée via pipeline ETL vectorisé
U211,Toy Story Evolution,3.8,2026-03-08 14:15:00,history,Donnée importée via pipeline ETL vectorisé
U211,The Hangover Original,3.3,2026-03-25 20:00:00,history,Donnée importée via pipeline ETL vectorisé
U211,Parasite Original,3.2,2026-05-01 19:30:00,history,Donnée importée via pipeline ETL vectorisé
U212,The Hangover Original,3.7,2026-01-15 10:00:00,history,Donnée importée via pipeline ETL vectorisé
U212,Superbad Original,4.3,2026-02-03 18:30:00,history,Donnée importée via pipeline ETL vectorisé
U212,Seven Reborn,4.6,2026-02-20 21:00:00,history,Donnée importée via pipeline ETL vectorisé
U213,Gladiator Original,4.1,2026-01-15 10:00:00,history,Donnée importée via pipeline ETL vectorisé
U213,Titanic Original,2.7,2026-02-03 18:30:00,history,Donnée importée via pipeline ETL vectorisé
U213,Blade Runner 2049 Original,2.8,2026-02-20 21:00:00,history,Donnée importée via pipeline ETL vectorisé
U213,Avatar Original,3.9,2026-03-08 14:15:00,history,Donnée importée via pipeline ETL vectorisé
U213,The Dark Knight Original,4.5,2026-03-25 20:00:00,history,Donnée importée via pipeline ETL vectorisé
U213,The Matrix Original,3.6,2026-04-10 16:45:00,history,Donnée importée via pipeline ETL vectorisé
U214,Interstellar Original,4.6,2026-02-03 18:30:00,history,Donnée importée via pipeline ETL vectorisé
U214,Superbad Original,1.4,2026-02-20 21:00:00,history,Donnée importée via pipeline ETL vectorisé
U215,Get Out Original,4.4,2026-01-15 10:00:00,history,Donnée importée via pipeline ETL vectorisé
U215,The Conjuring Original,4.1,2026-02-03 18:30:00,history,Donnée importée via pipeline ETL vectorisé
U215,Pulp Fiction Original,3.0,2026-02-20 21:00:00,history,Donnée importée via pipeline ETL vectorisé
U215,Spirited Away Original,3.1,2026-03-08 14:15:00,history,Donnée importée via pipeline ETL vectorisé
U215,Gladiator Legacy,4.1,2026-03-25 20:00:00,history,Donnée importée via pipeline ETL vectorisé
U215,Titanic Original,2.8,2026-04-10 16:45:00,history,Donnée importée via pipeline ETL vectorisé
U216,Gladiator Legacy,3.3,2026-01-15 10:00:00,history,Donnée importée via pipeline ETL vectorisé
U216,Spirited Away Original,2.5,2026-02-03 18:30:00,history,Donnée importée via pipeline ETL vectorisé
U216,Avatar Original,4.0,2026-02-20 21:00:00,history,Donnée importée via pipeline ETL vectorisé
U216,Parasite Original,5.0,2026-03-08 14:15:00,history,Donnée importée via pipeline ETL vectorisé
U216,Seven Original,4.5,2026-03-25 20:00:00,history,Donnée importée via pipeline ETL vectorisé
U217,Get Out Original,5.0,2026-01-15 10:00:00,history,Donnée importée via pipeline ETL vectorisé
U217,Titanic Original,2.8,2026-02-03 18:30:00,history,Donnée importée via pipeline ETL vectorisé
U217,La La Land Original,4.1,2026-02-20 21:00:00,history,Donnée importée via pipeline ETL vectorisé
U217,The Dark Knight Original,3.9,2026-03-08 14:15:00,history,Donnée importée via pipeline ETL vectorisé
U217,Toy Story Evolution,2.7,2026-03-25 20:00:00,history,Donnée importée via pipeline ETL vectorisé
U217,Gladiator Legacy,3.8,2026-04-10 16:45:00,history,Donnée importée via pipeline ETL vectorisé
U218,Spirited Away Original,4.4,2026-01-15 10:00:00,history,Donnée importée via pipeline ETL vectorisé
U218,Toy Story Original,4.2,2026-02-03 18:30:00,history,Donnée importée via pipeline ETL vectorisé
U218,The Conjuring Original,4.4,2026-02-20 21:00:00,history,Donnée importée via pipeline ETL vectorisé
U218,Get Out Original,1.4,2026-03-08 14:15:00,history,Donnée importée via pipeline ETL vectorisé
U218,The Dark Knight Original,4.7,2026-03-25 20:00:00,history,Donnée importée via pipeline ETL vectorisé
U218,Superbad Original,4.7,2026-04-10 16:45:00,history,Donnée importée via pipeline ETL vectorisé
U218,La La Land Saga,4.7,2026-05-01 19:30:00,history,Donnée importée via pipeline ETL vectorisé
U219,Gladiator Original,4.0,2026-01-15 10:00:00,history,Donnée importée via pipeline ETL vectorisé
U219,Titanic Original,4.7,2026-02-03 18:30:00,history,Donnée importée via pipeline ETL vectorisé
U219,Pulp Fiction Original,4.0,2026-02-20 21:00:00,history,Donnée importée via pipeline ETL vectorisé
U219,The Hangover Original,3.4,2026-03-08 14:15:00,history,Donnée importée via pipeline ETL vectorisé
U219,Superbad Original,3.9,2026-03-25 20:00:00,history,Donnée importée via pipeline ETL vectorisé
U219,Avatar Part I,2.7,2026-04-10 16:45:00,history,Donnée importée via pipeline ETL vectorisé
U219,Parasite Original,3.7,2026-05-01 19:30:00,history,Donnée importée via pipeline ETL vectorisé
U220,Blade Runner 2049 Original,3.0,2026-01-15 10:00:00,history,Donnée importée via pipeline ETL vectorisé
U220,Parasite Original,3.7,2026-02-03 18:30:00,history,Donnée importée via pipeline ETL vectorisé
U220,Titanic Original,3.3,2026-02-20 21:00:00,history,Donnée importée via pipeline ETL vectorisé
U220,The Hangover Original,3.7,2026-03-08 14:15:00,history,Donnée importée via pipeline ETL vectorisé
U220,La La Land Saga,3.1,2026-03-25 20:00:00,history,Donnée importée via pipeline ETL vectorisé
U221,Pulp Fiction Original,5.0,2026-01-15 10:00:00,history,Donnée importée via pipeline ETL vectorisé
U221,Interstellar Original,3.6,2026-02-03 18:30:00,history,Donnée importée via pipeline ETL vectorisé
U221,Avatar Part I,2.9,2026-02-20 21:00:00,history,Donnée importée via pipeline ETL vectorisé
U221,Superbad Original,3.5,2026-03-08 14:15:00,history,Donnée importée via pipeline ETL vectorisé
U221,Get Out Original,2.6,2026-03-25 20:00:00,history,Donnée importée via pipeline ETL vectorisé
U222,Avatar Original,2.2,2026-01-15 10:00:00,history,Donnée importée via pipeline ETL vectorisé
U222,Superbad Original,4.0,2026-02-03 18:30:00,history,Donnée importée via pipeline ETL vectorisé
U222,The Hangover Original,4.6,2026-02-20 21:00:00,history,Donnée importée via pipeline ETL vectorisé
U222,Get Out Original,2.1,2026-03-08 14:15:00,history,Donnée importée via pipeline ETL vectorisé
U222,The Dark Knight Original,4.3,2026-03-25 20:00:00,history,Donnée importée via pipeline ETL vectorisé
U222,Parasite Original,3.9,2026-04-10 16:45:00,history,Donnée importée via pipeline ETL vectorisé
U223,The Dark Knight Original,3.5,2026-01-15 10:00:00,history,Donnée importée via pipeline ETL vectorisé
U223,The Matrix Original,4.0,2026-02-03 18:30:00,history,Donnée importée via pipeline ETL vectorisé
U223,Spirited Away Original,3.8,2026-02-20 21:00:00,history,Donnée importée via pipeline ETL vectorisé
U223,Gladiator Original,3.7,2026-03-08 14:15:00,history,Donnée importée via pipeline ETL vectorisé
U223,Parasite Original,2.8,2026-03-25 20:00:00,history,Donnée importée via pipeline ETL vectorisé
U224,Interstellar Original,4.5,2026-01-15 10:00:00,history,Donnée importée via pipeline ETL vectorisé
U224,La La Land Original,1.3,2026-02-03 18:30:00,history,Donnée importée via pipeline ETL vectorisé
U224,Blade Runner 2049 Original,4.4,2026-02-20 21:00:00,history,Donnée importée via pipeline ETL vectorisé
U224,Titanic Original,2.6,2026-03-08 14:15:00,history,Donnée importée via pipeline ETL vectorisé
U224,The Matrix Original,4.6,2026-03-25 20:00:00,history,Donnée importée via pipeline ETL vectorisé
U225,The Conjuring Original,3.8,2026-01-15 10:00:00,history,Donnée importée via pipeline ETL vectorisé
U225,Get Out Original,3.6,2026-02-03 18:30:00,history,Donnée importée via pipeline ETL vectorisé
U225,Seven Reborn,4.0,2026-02-20 21:00:00,history,Donnée importée via pipeline ETL vectorisé
U225,Avatar Part I,3.8,2026-03-08 14:15:00,history,Donnée importée via pipeline ETL vectorisé
U225,La La Land Saga,3.3,2026-03-25 20:00:00,history,Donnée importée via pipeline ETL vectorisé
U225,Superbad Original,5.0,2026-04-10 16:45:00,history,Donnée importée via pipeline ETL vectorisé
U225,The Dark Knight Original,4.4,2026-05-01 19:30:00,history,Donnée importée via pipeline ETL vectorisé
U226,Superbad Original,2.8,2026-01-15 10:00:00,history,Donnée importée via pipeline ETL vectorisé
U226,Spirited Away Original,3.4,2026-02-03 18:30:00,history,Donnée importée via pipeline ETL vectorisé
U226,Seven Original,5.0,2026-02-20 21:00:00,history,Donnée importée via pipeline ETL vectorisé
U227,Superbad Original,2.6,2026-01-15 10:00:00,history,Donnée importée via pipeline ETL vectorisé
U227,Get Out Original,2.7,2026-02-03 18:30:00,history,Donnée importée via pipeline ETL vectorisé
U227,La La Land Original,4.6,2026-02-20 21:00:00,history,Donnée importée via pipeline ETL vectorisé
U228,Spirited Away Original,5.0,2026-01-15 10:00:00,history,Donnée importée via pipeline ETL vectorisé
U228,Get Out Original,2.0,2026-02-03 18:30:00,history,Donnée importée via pipeline ETL vectorisé
U228,Toy Story Original,3.8,2026-06-01 00:00:00,history,Donnée importée via pipeline ETL vectorisé
U228,Superbad Original,4.5,2026-03-08 14:15:00,history,Donnée importée via pipeline ETL vectorisé
U228,Gladiator Legacy,4.5,2026-03-25 20:00:00,history,Donnée importée via pipeline ETL vectorisé
U229,Get Out Original,3.7,2026-01-15 10:00:00,history,Donnée importée via pipeline ETL vectorisé
U229,Parasite Original,4.7,2026-02-03 18:30:00,history,Donnée importée via pipeline ETL vectorisé
U229,Gladiator Original,3.7,2026-06-01 00:00:00,history,Donnée importée via pipeline ETL vectorisé
U229,The Conjuring Original,5.0,2026-03-25 20:00:00,history,Donnée importée via pipeline ETL vectorisé
U229,Spirited Away Original,2.5,2026-04-10 16:45:00,history,Donnée importée via pipeline ETL vectorisé
U230,The Conjuring Original,5.0,2026-01-15 10:00:00,history,Donnée importée via pipeline ETL vectorisé
U230,Titanic Original,3.5,2026-02-03 18:30:00,history,Donnée importée via pipeline ETL vectorisé
U230,Parasite Original,2.5,2026-02-20 21:00:00,history,Donnée importée via pipeline ETL vectorisé
U230,Gladiator Legacy,2.9,2026-03-08 14:15:00,history,Donnée importée via pipeline ETL vectorisé
U231,Avatar Part I,3.5,2026-01-15 10:00:00,history,Donnée importée via pipeline ETL vectorisé
U231,The Matrix Reloaded,2.8,2026-02-03 18:30:00,history,Donnée importée via pipeline ETL vectorisé
U231,La La Land Saga,3.0,2026-02-20 21:00:00,history,Donnée importée via pipeline ETL vectorisé
U231,Blade Runner 2049 Original,3.6,2026-03-08 14:15:00,history,Donnée importée via pipeline ETL vectorisé
U231,The Conjuring Original,3.9,2026-03-25 20:00:00,history,Donnée importée via pipeline ETL vectorisé
U232,Superbad Original,4.9,2026-01-15 10:00:00,history,Donnée importée via pipeline ETL vectorisé
U232,The Hangover Original,3.8,2026-02-03 18:30:00,history,Donnée importée via pipeline ETL vectorisé
U232,Parasite Original,3.7,2026-02-20 21:00:00,history,Donnée importée via pipeline ETL vectorisé
U232,The Matrix Reloaded,4.7,2026-03-08 14:15:00,history,Donnée importée via pipeline ETL vectorisé
U232,Gladiator Legacy,2.6,2026-03-25 20:00:00,history,Donnée importée via pipeline ETL vectorisé
U232,Seven Reborn,3.2,2026-04-10 16:45:00,history,Donnée importée via pipeline ETL vectorisé
U233,The Dark Knight Original,4.2,2026-01-15 10:00:00,history,Donnée importée via pipeline ETL vectorisé
U233,Gladiator Original,4.1,2026-02-03 18:30:00,history,Donnée importée via pipeline ETL vectorisé
U233,Superbad Original,3.8,2026-02-20 21:00:00,history,Donnée importée via pipeline ETL vectorisé
U233,Get Out Original,3.0,2026-03-08 14:15:00,history,Donnée importée via pipeline ETL vectorisé
U233,The Matrix Original,4.6,2026-03-25 20:00:00,history,Donnée importée via pipeline ETL vectorisé
U234,The Matrix Original,5.0,2026-01-15 10:00:00,history,Donnée importée via pipeline ETL vectorisé
U234,Interstellar Original,4.7,2026-02-20 21:00:00,history,Donnée importée via pipeline ETL vectorisé
U234,Superbad Original,2.5,2026-03-08 14:15:00,history,Donnée importée via pipeline ETL vectorisé
U235,Get Out Original,4.1,2026-01-15 10:00:00,history,Donnée importée via pipeline ETL vectorisé
U235,Titanic Original,1.9,2026-02-03 18:30:00,history,Donnée importée via pipeline ETL vectorisé
U235,La La Land Saga,2.8,2026-02-20 21:00:00,history,Donnée importée via pipeline ETL vectorisé
U235,The Matrix Reloaded,3.2,2026-03-08 14:15:00,history,Donnée importée via pipeline ETL vectorisé
U236,Superbad Original,2.3,2026-06-01 00:00:00,history,Donnée importée via pipeline ETL vectorisé
U236,The Hangover Original,1.2,2026-02-03 18:30:00,history,Donnée importée via pipeline ETL vectorisé
U236,Avatar Original,3.7,2026-02-20 21:00:00,history,Donnée importée via pipeline ETL vectorisé
U236,Avatar Part I,2.6,2026-03-08 14:15:00,history,Donnée importée via pipeline ETL vectorisé
U237,La La Land Original,4.3,2026-01-15 10:00:00,history,Donnée importée via pipeline ETL vectorisé
U237,Seven Reborn,2.9,2026-02-03 18:30:00,history,Donnée importée via pipeline ETL vectorisé
U237,Titanic Original,4.6,2026-02-20 21:00:00,history,Donnée importée via pipeline ETL vectorisé
U238,Seven Original,2.0,2026-01-15 10:00:00,history,Donnée importée via pipeline ETL vectorisé
U238,Toy Story Original,4.3,2026-02-03 18:30:00,history,Donnée importée via pipeline ETL vectorisé
U238,Spirited Away Original,4.9,2026-02-20 21:00:00,history,Donnée importée via pipeline ETL vectorisé
U239,Interstellar Original,2.0,2026-06-01 00:00:00,history,Donnée importée via pipeline ETL vectorisé
U239,Pulp Fiction Original,3.5,2026-02-20 21:00:00,history,Donnée importée via pipeline ETL vectorisé
U239,Parasite Original,3.6,2026-03-08 14:15:00,history,Donnée importée via pipeline ETL vectorisé
U240,Parasite Original,3.2,2026-02-03 18:30:00,history,Donnée importée via pipeline ETL vectorisé
U240,The Conjuring Original,2.5,2026-02-20 21:00:00,history,Donnée importée via pipeline ETL vectorisé
U240,Superbad Original,3.8,2026-03-08 14:15:00,history,Donnée importée via pipeline ETL vectorisé
U241,Interstellar Original,2.6,2026-01-15 10:00:00,history,Donnée importée via pipeline ETL vectorisé
U241,La La Land Saga,5.0,2026-02-03 18:30:00,history,Donnée importée via pipeline ETL vectorisé
U241,Seven Reborn,3.0,2026-02-20 21:00:00,history,Donnée importée via pipeline ETL vectorisé
U241,Get Out Original,3.3,2026-03-25 20:00:00,history,Donnée importée via pipeline ETL vectorisé
U241,Gladiator Legacy,2.6,2026-04-10 16:45:00,history,Donnée importée via pipeline ETL vectorisé
U241,The Dark Knight Original,3.7,2026-05-01 19:30:00,history,Donnée importée via pipeline ETL vectorisé
U242,Superbad Original,4.7,2026-01-15 10:00:00,history,Donnée importée via pipeline ETL vectorisé
U242,The Hangover Original,3.5,2026-02-03 18:30:00,history,Donnée importée via pipeline ETL vectorisé
U242,The Conjuring Original,3.7,2026-02-20 21:00:00,history,Donnée importée via pipeline ETL vectorisé
U242,Gladiator Legacy,3.7,2026-03-08 14:15:00,history,Donnée importée via pipeline ETL vectorisé
U242,Get Out Original,4.2,2026-03-25 20:00:00,history,Donnée importée via pipeline ETL vectorisé
U242,Seven Reborn,3.8,2026-05-01 19:30:00,history,Donnée importée via pipeline ETL vectorisé
U243,Spirited Away Original,1.2,2026-01-15 10:00:00,history,Donnée importée via pipeline ETL vectorisé
U243,The Dark Knight Original,3.7,2026-02-03 18:30:00,history,Donnée importée via pipeline ETL vectorisé
U243,Gladiator Original,3.8,2026-02-20 21:00:00,history,Donnée importée via pipeline ETL vectorisé
U243,The Matrix Original,4.6,2026-03-08 14:15:00,history,Donnée importée via pipeline ETL vectorisé
U244,The Matrix Original,3.9,2026-01-15 10:00:00,history,Donnée importée via pipeline ETL vectorisé
U244,The Hangover Original,3.1,2026-02-03 18:30:00,history,Donnée importée via pipeline ETL vectorisé
U244,Superbad Original,3.2,2026-02-20 21:00:00,history,Donnée importée via pipeline ETL vectorisé
U245,The Conjuring Original,4.9,2026-01-15 10:00:00,history,Donnée importée via pipeline ETL vectorisé
U245,Pulp Fiction Original,3.9,2026-02-03 18:30:00,history,Donnée importée via pipeline ETL vectorisé
U245,Interstellar Original,3.7,2026-02-20 21:00:00,history,Donnée importée via pipeline ETL vectorisé
U245,Get Out Original,4.4,2026-03-08 14:15:00,history,Donnée importée via pipeline ETL vectorisé
U246,Spirited Away Original,2.1,2026-01-15 10:00:00,history,Donnée importée via pipeline ETL vectorisé
U246,The Hangover Original,1.5,2026-02-03 18:30:00,history,Donnée importée via pipeline ETL vectorisé
U246,Seven Original,4.0,2026-02-20 21:00:00,history,Donnée importée via pipeline ETL vectorisé
U246,Blade Runner 2049 Original,3.1,2026-03-08 14:15:00,history,Donnée importée via pipeline ETL vectorisé
U247,The Dark Knight Original,2.8,2026-01-15 10:00:00,history,Donnée importée via pipeline ETL vectorisé
U247,La La Land Original,4.0,2026-02-03 18:30:00,history,Donnée importée via pipeline ETL vectorisé
U247,Titanic Original,3.9,2026-06-01 00:00:00,history,Donnée importée via pipeline ETL vectorisé
U247,The Hangover Original,2.6,2026-03-08 14:15:00,history,Donnée importée via pipeline ETL vectorisé
U247,Avatar Part I,4.7,2026-06-01 00:00:00,history,Donnée importée via pipeline ETL vectorisé
U247,Parasite Original,4.3,2026-04-10 16:45:00,history,Donnée importée via pipeline ETL vectorisé
U248,Spirited Away Original,3.9,2026-01-15 10:00:00,history,Donnée importée via pipeline ETL vectorisé
U248,Seven Original,2.4,2026-02-03 18:30:00,history,Donnée importée via pipeline ETL vectorisé
U248,Get Out Original,2.4,2026-02-20 21:00:00,history,Donnée importée via pipeline ETL vectorisé
U248,Toy Story Original,4.6,2026-06-01 00:00:00,history,Donnée importée via pipeline ETL vectorisé
U249,Titanic Original,4.1,2026-01-15 10:00:00,history,Donnée importée via pipeline ETL vectorisé
U249,Parasite Original,4.7,2026-02-03 18:30:00,history,Donnée importée via pipeline ETL vectorisé
U249,Gladiator Original,3.5,2026-02-20 21:00:00,history,Donnée importée via pipeline ETL vectorisé
U249,Pulp Fiction Original,3.8,2026-03-08 14:15:00,history,Donnée importée via pipeline ETL vectorisé
U249,Interstellar Original,2.9,2026-03-25 20:00:00,history,Donnée importée via pipeline ETL vectorisé
U249,Superbad Original,2.7,2026-04-10 16:45:00,history,Donnée importée via pipeline ETL vectorisé
U250,Toy Story Evolution,2.8,2026-01-15 10:00:00,history,Donnée importée via pipeline ETL vectorisé
U250,Avatar Part I,3.6,2026-02-03 18:30:00,history,Donnée importée via pipeline ETL vectorisé
U250,Get Out Original,3.4,2026-02-20 21:00:00,history,Donnée importée via pipeline ETL vectorisé
U250,Parasite Original,3.3,2026-03-08 14:15:00,history,Donnée importée via pipeline ETL vectorisé
U250,The Hangover Original,5.0,2026-03-25 20:00:00,history,Donnée importée via pipeline ETL vectorisé
U251,Seven Reborn,5.0,2026-01-15 10:00:00,history,Donnée importée via pipeline ETL vectorisé
U251,The Hangover Original,3.3,2026-02-03 18:30:00,history,Donnée importée via pipeline ETL vectorisé
U251,Interstellar Original,3.2,2026-02-20 21:00:00,history,Donnée importée via pipeline ETL vectorisé
U251,Gladiator Legacy,2.8,2026-03-08 14:15:00,history,Donnée importée via pipeline ETL vectorisé
U252,Seven Original,2.4,2026-01-15 10:00:00,history,Donnée importée via pipeline ETL vectorisé
U252,Avatar Part I,3.4,2026-02-03 18:30:00,history,Donnée importée via pipeline ETL vectorisé
U252,Superbad Original,4.4,2026-02-20 21:00:00,history,Donnée importée via pipeline ETL vectorisé
U253,Blade Runner 2049 Original,3.3,2026-01-15 10:00:00,history,Donnée importée via pipeline ETL vectorisé
U253,The Dark Knight Original,3.8,2026-02-03 18:30:00,history,Donnée importée via pipeline ETL vectorisé
U253,The Matrix Original,5.0,2026-02-20 21:00:00,history,Donnée importée via pipeline ETL vectorisé
U253,Pulp Fiction Original,3.9,2026-06-01 00:00:00,history,Donnée importée via pipeline ETL vectorisé
U254,Interstellar Original,4.8,2026-01-15 10:00:00,history,Donnée importée via pipeline ETL vectorisé
U254,Titanic Original,2.7,2026-02-03 18:30:00,history,Donnée importée via pipeline ETL vectorisé
U255,Avatar Part I,3.9,2026-06-01 00:00:00,history,Donnée importée via pipeline ETL vectorisé
U255,Get Out Original,3.6,2026-02-03 18:30:00,history,Donnée importée via pipeline ETL vectorisé
U255,The Conjuring Original,4.0,2026-02-20 21:00:00,history,Donnée importée via pipeline ETL vectorisé
U255,Superbad Original,2.2,2026-03-08 14:15:00,history,Donnée importée via pipeline ETL vectorisé
U255,Parasite Original,3.3,2026-03-25 20:00:00,history,Donnée importée via pipeline ETL vectorisé
U256,Blade Runner 2049 Original,3.9,2026-01-15 10:00:00,history,Donnée importée via pipeline ETL vectorisé
U256,Seven Original,4.5,2026-02-03 18:30:00,history,Donnée importée via pipeline ETL vectorisé
U256,Avatar Original,4.2,2026-02-20 21:00:00,history,Donnée importée via pipeline ETL vectorisé
U256,Parasite Original,4.7,2026-03-08 14:15:00,history,Donnée importée via pipeline ETL vectorisé
U256,Seven Reborn,3.8,2026-03-25 20:00:00,history,Donnée importée via pipeline ETL vectorisé
U257,Titanic Original,4.6,2026-01-15 10:00:00,history,Donnée importée via pipeline ETL vectorisé
U257,Blade Runner 2049 Original,2.7,2026-02-03 18:30:00,history,Donnée importée via pipeline ETL vectorisé
U257,La La Land Original,4.6,2026-02-20 21:00:00,history,Donnée importée via pipeline ETL vectorisé
U257,Interstellar Original,3.8,2026-03-08 14:15:00,history,Donnée importée via pipeline ETL vectorisé
U257,The Conjuring Original,1.8,2026-03-25 20:00:00,history,Donnée importée via pipeline ETL vectorisé
U257,Pulp Fiction Original,4.2,2026-06-01 00:00:00,history,Donnée importée via pipeline ETL vectorisé
U257,Gladiator Legacy,4.0,2026-05-01 19:30:00,history,Donnée importée via pipeline ETL vectorisé
U258,Toy Story Evolution,2.9,2026-01-15 10:00:00,history,Donnée importée via pipeline ETL vectorisé
U258,Parasite Original,1.1,2026-02-03 18:30:00,history,Donnée importée via pipeline ETL vectorisé
U258,Toy Story Original,5.0,2026-02-20 21:00:00,history,Donnée importée via pipeline ETL vectorisé
U258,Superbad Original,3.2,2026-03-08 14:15:00,history,Donnée importée via pipeline ETL vectorisé
U258,Spirited Away Original,4.3,2026-03-25 20:00:00,history,Donnée importée via pipeline ETL vectorisé
U259,Seven Reborn,3.8,2026-01-15 10:00:00,history,Donnée importée via pipeline ETL vectorisé
U259,Interstellar Original,2.2,2026-02-03 18:30:00,history,Donnée importée via pipeline ETL vectorisé
U259,Pulp Fiction Original,4.2,2026-02-20 21:00:00,history,Donnée importée via pipeline ETL vectorisé
U259,Parasite Original,3.0,2026-03-08 14:15:00,history,Donnée importée via pipeline ETL vectorisé
U259,Gladiator Original,4.7,2026-03-25 20:00:00,history,Donnée importée via pipeline ETL vectorisé
U259,Titanic Original,3.6,2026-04-10 16:45:00,history,Donnée importée via pipeline ETL vectorisé
U259,Gladiator Legacy,2.8,2026-05-01 19:30:00,history,Donnée importée via pipeline ETL vectorisé
U260,La La Land Saga,3.1,2026-01-15 10:00:00,history,Donnée importée via pipeline ETL vectorisé
U260,Pulp Fiction Original,3.3,2026-02-03 18:30:00,history,Donnée importée via pipeline ETL vectorisé
U260,Gladiator Legacy,2.7,2026-02-20 21:00:00,history,Donnée importée via pipeline ETL vectorisé
U260,Avatar Part I,3.1,2026-03-08 14:15:00,history,Donnée importée via pipeline ETL vectorisé
U260,Seven Reborn,3.7,2026-03-25 20:00:00,history,Donnée importée via pipeline ETL vectorisé
U260,The Hangover Original,5.0,2026-04-10 16:45:00,history,Donnée importée via pipeline ETL vectorisé
U261,Superbad Original,3.8,2026-01-15 10:00:00,history,Donnée importée via pipeline ETL vectorisé
U261,The Matrix Reloaded,2.5,2026-02-03 18:30:00,history,Donnée importée via pipeline ETL vectorisé
U261,Gladiator Legacy,2.7,2026-02-20 21:00:00,history,Donnée importée via pipeline ETL vectorisé
U261,Seven Reborn,3.0,2026-03-08 14:15:00,history,Donnée importée via pipeline ETL vectorisé
U262,Get Out Original,2.7,2026-06-01 00:00:00,history,Donnée importée via pipeline ETL vectorisé
U262,Avatar Original,1.7,2026-02-03 18:30:00,history,Donnée importée via pipeline ETL vectorisé
U262,The Hangover Original,2.6,2026-02-20 21:00:00,history,Donnée importée via pipeline ETL vectorisé
U262,Superbad Original,4.4,2026-03-08 14:15:00,history,Donnée importée via pipeline ETL vectorisé
U262,Blade Runner 2049 Original,3.7,2026-03-25 20:00:00,history,Donnée importée via pipeline ETL vectorisé
U263,The Dark Knight Original,3.6,2026-01-15 10:00:00,history,Donnée importée via pipeline ETL vectorisé
U263,The Matrix Original,3.8,2026-02-03 18:30:00,history,Donnée importée via pipeline ETL vectorisé
U263,Gladiator Original,4.0,2026-02-20 21:00:00,history,Donnée importée via pipeline ETL vectorisé
U263,Spirited Away Original,2.3,2026-03-08 14:15:00,history,Donnée importée via pipeline ETL vectorisé
U263,Toy Story Original,2.1,2026-03-25 20:00:00,history,Donnée importée via pipeline ETL vectorisé
U264,The Hangover Original,3.6,2026-01-15 10:00:00,history,Donnée importée via pipeline ETL vectorisé
U264,Parasite Original,3.3,2026-02-20 21:00:00,history,Donnée importée via pipeline ETL vectorisé
U265,Avatar Part I,3.7,2026-01-15 10:00:00,history,Donnée importée via pipeline ETL vectorisé
U265,The Hangover Original,1.8,2026-02-03 18:30:00,history,Donnée importée via pipeline ETL vectorisé
U265,Get Out Original,3.7,2026-02-20 21:00:00,history,Donnée importée via pipeline ETL vectorisé
U265,The Conjuring Original,3.6,2026-03-08 14:15:00,history,Donnée importée via pipeline ETL vectorisé
U265,Superbad Original,1.2,2026-03-25 20:00:00,history,Donnée importée via pipeline ETL vectorisé
U265,Titanic Original,3.4,2026-04-10 16:45:00,history,Donnée importée via pipeline ETL vectorisé
U265,Parasite Original,2.6,2026-05-01 19:30:00,history,Donnée importée via pipeline ETL vectorisé
U266,Superbad Original,1.6,2026-01-15 10:00:00,history,Donnée importée via pipeline ETL vectorisé
U266,Seven Original,4.7,2026-02-03 18:30:00,history,Donnée importée via pipeline ETL vectorisé
U266,Parasite Original,4.6,2026-02-20 21:00:00,history,Donnée importée via pipeline ETL vectorisé
U266,La La Land Saga,3.0,2026-03-08 14:15:00,history,Donnée importée via pipeline ETL vectorisé
U266,The Conjuring Original,3.5,2026-03-25 20:00:00,history,Donnée importée via pipeline ETL vectorisé
U266,Avatar Original,4.7,2026-04-10 16:45:00,history,Donnée importée via pipeline ETL vectorisé
U266,Titanic Original,3.7,2026-05-01 19:30:00,history,Donnée importée via pipeline ETL vectorisé
U267,Titanic Original,3.8,2026-01-15 10:00:00,history,Donnée importée via pipeline ETL vectorisé
U267,The Matrix Reloaded,3.6,2026-02-03 18:30:00,history,Donnée importée via pipeline ETL vectorisé
U267,La La Land Original,3.6,2026-02-20 21:00:00,history,Donnée importée via pipeline ETL vectorisé
U267,Parasite Original,4.3,2026-03-08 14:15:00,history,Donnée importée via pipeline ETL vectorisé
U268,Toy Story Original,3.8,2026-01-15 10:00:00,history,Donnée importée via pipeline ETL vectorisé
U268,Spirited Away Original,4.6,2026-02-03 18:30:00,history,Donnée importée via pipeline ETL vectorisé
U268,Get Out Original,2.3,2026-02-20 21:00:00,history,Donnée importée via pipeline ETL vectorisé
U269,Parasite Original,4.4,2026-01-15 10:00:00,history,Donnée importée via pipeline ETL vectorisé
U269,Toy Story Evolution,3.9,2026-02-03 18:30:00,history,Donnée importée via pipeline ETL vectorisé
U269,Get Out Original,1.4,2026-02-20 21:00:00,history,Donnée importée via pipeline ETL vectorisé
U269,Gladiator Original,4.9,2026-03-08 14:15:00,history,Donnée importée via pipeline ETL vectorisé
U269,Pulp Fiction Original,4.7,2026-03-25 20:00:00,history,Donnée importée via pipeline ETL vectorisé
U270,La La Land Saga,3.9,2026-01-15 10:00:00,history,Donnée importée via pipeline ETL vectorisé
U270,The Conjuring Original,2.8,2026-06-01 00:00:00,history,Donnée importée via pipeline ETL vectorisé
U270,Parasite Original,2.9,2026-02-20 21:00:00,history,Donnée importée via pipeline ETL vectorisé
U270,Avatar Part I,3.0,2026-03-08 14:15:00,history,Donnée importée via pipeline ETL vectorisé
U270,Blade Runner 2049 Original,2.6,2026-03-25 20:00:00,history,Donnée importée via pipeline ETL vectorisé
U270,Spirited Away Original,3.0,2026-04-10 16:45:00,history,Donnée importée via pipeline ETL vectorisé
U271,Toy Story Evolution,2.8,2026-01-15 10:00:00,history,Donnée importée via pipeline ETL vectorisé
U271,Seven Reborn,3.3,2026-02-03 18:30:00,history,Donnée importée via pipeline ETL vectorisé
U271,Spirited Away Original,3.2,2026-02-20 21:00:00,history,Donnée importée via pipeline ETL vectorisé
U271,Gladiator Legacy,3.5,2026-03-08 14:15:00,history,Donnée importée via pipeline ETL vectorisé
U272,Avatar Original,1.9,2026-06-01 00:00:00,history,Donnée importée via pipeline ETL vectorisé
U272,Superbad Original,4.2,2026-02-03 18:30:00,history,Donnée importée via pipeline ETL vectorisé
U272,The Hangover Original,3.6,2026-02-20 21:00:00,history,Donnée importée via pipeline ETL vectorisé
U272,The Conjuring Original,1.2,2026-03-08 14:15:00,history,Donnée importée via pipeline ETL vectorisé
U273,Avatar Original,4.6,2026-01-15 10:00:00,history,Donnée importée via pipeline ETL vectorisé
U273,The Matrix Original,4.9,2026-02-03 18:30:00,history,Donnée importée via pipeline ETL vectorisé
U273,Spirited Away Original,2.8,2026-02-20 21:00:00,history,Donnée importée via pipeline ETL vectorisé
U273,La La Land Saga,2.6,2026-03-08 14:15:00,history,Donnée importée via pipeline ETL vectorisé
U274,The Conjuring Original,2.6,2026-01-15 10:00:00,history,Donnée importée via pipeline ETL vectorisé
U274,Blade Runner 2049 Original,4.4,2026-02-03 18:30:00,history,Donnée importée via pipeline ETL vectorisé
U274,Interstellar Original,3.9,2026-02-20 21:00:00,history,Donnée importée via pipeline ETL vectorisé
U274,The Matrix Original,4.0,2026-03-08 14:15:00,history,Donnée importée via pipeline ETL vectorisé
U275,Get Out Original,4.6,2026-01-15 10:00:00,history,Donnée importée via pipeline ETL vectorisé
U275,The Conjuring Original,4.1,2026-06-01 00:00:00,history,Donnée importée via pipeline ETL vectorisé
U275,Seven Reborn,2.6,2026-02-20 21:00:00,history,Donnée importée via pipeline ETL vectorisé
U275,The Matrix Reloaded,5.0,2026-03-08 14:15:00,history,Donnée importée via pipeline ETL vectorisé
U275,Superbad Original,1.5,2026-03-25 20:00:00,history,Donnée importée via pipeline ETL vectorisé
U275,Titanic Original,4.1,2026-04-10 16:45:00,history,Donnée importée via pipeline ETL vectorisé
U275,Interstellar Original,4.1,2026-05-01 19:30:00,history,Donnée importée via pipeline ETL vectorisé
U276,Toy Story Evolution,3.6,2026-01-15 10:00:00,history,Donnée importée via pipeline ETL vectorisé
U276,Superbad Original,5.0,2026-02-03 18:30:00,history,Donnée importée via pipeline ETL vectorisé
U276,Seven Original,4.8,2026-02-20 21:00:00,history,Donnée importée via pipeline ETL vectorisé
U276,Parasite Original,3.6,2026-03-08 14:15:00,history,Donnée importée via pipeline ETL vectorisé
U276,Seven Reborn,3.3,2026-03-25 20:00:00,history,Donnée importée via pipeline ETL vectorisé
U276,Avatar Original,4.3,2026-04-10 16:45:00,history,Donnée importée via pipeline ETL vectorisé
U276,The Conjuring Original,3.5,2026-05-01 19:30:00,history,Donnée importée via pipeline ETL vectorisé
U277,La La Land Original,4.5,2026-01-15 10:00:00,history,Donnée importée via pipeline ETL vectorisé
U277,Titanic Original,4.7,2026-02-03 18:30:00,history,Donnée importée via pipeline ETL vectorisé
U277,Seven Reborn,3.9,2026-02-20 21:00:00,history,Donnée importée via pipeline ETL vectorisé
U277,Gladiator Legacy,3.9,2026-03-08 14:15:00,history,Donnée importée via pipeline ETL vectorisé
U277,Toy Story Evolution,3.3,2026-04-10 16:45:00,history,Donnée importée via pipeline ETL vectorisé
U277,Gladiator Original,2.3,2026-05-01 19:30:00,history,Donnée importée via pipeline ETL vectorisé
U278,Toy Story Original,4.4,2026-01-15 10:00:00,history,Donnée importée via pipeline ETL vectorisé
U278,Spirited Away Original,4.5,2026-02-03 18:30:00,history,Donnée importée via pipeline ETL vectorisé
U278,Interstellar Original,4.9,2026-02-20 21:00:00,history,Donnée importée via pipeline ETL vectorisé
U278,Toy Story Evolution,5.0,2026-03-08 14:15:00,history,Donnée importée via pipeline ETL vectorisé
U278,Seven Reborn,4.9,2026-03-25 20:00:00,history,Donnée importée via pipeline ETL vectorisé
U278,Pulp Fiction Original,5.0,2026-04-10 16:45:00,history,Donnée importée via pipeline ETL vectorisé
U278,Avatar Original,1.2,2026-06-01 00:00:00,history,Donnée importée via pipeline ETL vectorisé
U279,Spirited Away Original,3.2,2026-01-15 10:00:00,history,Donnée importée via pipeline ETL vectorisé
U279,Parasite Original,4.7,2026-02-03 18:30:00,history,Donnée importée via pipeline ETL vectorisé
U279,Titanic Original,3.8,2026-06-01 00:00:00,history,Donnée importée via pipeline ETL vectorisé
U279,La La Land Saga,2.5,2026-03-08 14:15:00,history,Donnée importée via pipeline ETL vectorisé
U280,Pulp Fiction Original,2.6,2026-01-15 10:00:00,history,Donnée importée via pipeline ETL vectorisé
U280,The Hangover Original,3.9,2026-06-01 00:00:00,history,Donnée importée via pipeline ETL vectorisé
U280,Parasite Original,3.1,2026-02-20 21:00:00,history,Donnée importée via pipeline ETL vectorisé
U280,Interstellar Original,3.4,2026-03-08 14:15:00,history,Donnée importée via pipeline ETL vectorisé
U280,La La Land Saga,2.6,2026-03-25 20:00:00,history,Donnée importée via pipeline ETL vectorisé
U281,La La Land Saga,2.6,2026-02-03 18:30:00,history,Donnée importée via pipeline ETL vectorisé
U281,The Conjuring Original,3.2,2026-02-20 21:00:00,history,Donnée importée via pipeline ETL vectorisé
U281,The Matrix Reloaded,2.6,2026-03-08 14:15:00,history,Donnée importée via pipeline ETL vectorisé
U281,Spirited Away Original,2.8,2026-03-25 20:00:00,history,Donnée importée via pipeline ETL vectorisé
U281,Gladiator Legacy,3.6,2026-04-10 16:45:00,history,Donnée importée via pipeline ETL vectorisé
U282,The Conjuring Original,2.5,2026-01-15 10:00:00,history,Donnée importée via pipeline ETL vectorisé
U282,The Hangover Original,4.5,2026-02-03 18:30:00,history,Donnée importée via pipeline ETL vectorisé
U282,Get Out Original,3.8,2026-02-20 21:00:00,history,Donnée importée via pipeline ETL vectorisé
U282,Superbad Original,4.0,2026-03-08 14:15:00,history,Donnée importée via pipeline ETL vectorisé
U282,Blade Runner 2049 Original,4.5,2026-03-25 20:00:00,history,Donnée importée via pipeline ETL vectorisé
U282,Titanic Original,2.8,2026-04-10 16:45:00,history,Donnée importée via pipeline ETL vectorisé
U283,Gladiator Original,4.0,2026-01-15 10:00:00,history,Donnée importée via pipeline ETL vectorisé
U283,The Matrix Reloaded,2.7,2026-02-03 18:30:00,history,Donnée importée via pipeline ETL vectorisé
U283,The Matrix Original,4.3,2026-02-20 21:00:00,history,Donnée importée via pipeline ETL vectorisé
U283,Titanic Original,1.4,2026-06-01 00:00:00,history,Donnée importée via pipeline ETL vectorisé
U283,Blade Runner 2049 Original,3.2,2026-03-25 20:00:00,history,Donnée importée via pipeline ETL vectorisé
U283,Avatar Original,4.8,2026-04-10 16:45:00,history,Donnée importée via pipeline ETL vectorisé
U283,Gladiator Legacy,2.7,2026-05-01 19:30:00,history,Donnée importée via pipeline ETL vectorisé
U284,Parasite Original,3.3,2026-01-15 10:00:00,history,Donnée importée via pipeline ETL vectorisé
U284,The Matrix Original,4.3,2026-02-03 18:30:00,history,Donnée importée via pipeline ETL vectorisé
U284,The Hangover Original,3.9,2026-02-20 21:00:00,history,Donnée importée via pipeline ETL vectorisé
U284,Titanic Original,2.3,2026-06-01 00:00:00,history,Donnée importée via pipeline ETL vectorisé
U285,The Conjuring Original,4.5,2026-01-15 10:00:00,history,Donnée importée via pipeline ETL vectorisé
U285,Get Out Original,3.8,2026-02-03 18:30:00,history,Donnée importée via pipeline ETL vectorisé
U285,Gladiator Legacy,3.5,2026-02-20 21:00:00,history,Donnée importée via pipeline ETL vectorisé
U286,Parasite Original,2.9,2026-01-15 10:00:00,history,Donnée importée via pipeline ETL vectorisé
U286,Avatar Original,4.1,2026-06-01 00:00:00,history,Donnée importée via pipeline ETL vectorisé
U286,Superbad Original,2.8,2026-02-20 21:00:00,history,Donnée importée via pipeline ETL vectorisé
U286,Toy Story Original,2.5,2026-03-08 14:15:00,history,Donnée importée via pipeline ETL vectorisé
U286,Seven Original,4.4,2026-03-25 20:00:00,history,Donnée importée via pipeline ETL vectorisé
U286,Spirited Away Original,2.1,2026-04-10 16:45:00,history,Donnée importée via pipeline ETL vectorisé
U287,Get Out Original,3.8,2026-01-15 10:00:00,history,Donnée importée via pipeline ETL vectorisé
U287,The Conjuring Original,2.1,2026-02-03 18:30:00,history,Donnée importée via pipeline ETL vectorisé
U287,La La Land Original,4.4,2026-02-20 21:00:00,history,Donnée importée via pipeline ETL vectorisé
U287,Titanic Original,4.9,2026-03-08 14:15:00,history,Donnée importée via pipeline ETL vectorisé
U288,Spirited Away Original,3.5,2026-01-15 10:00:00,history,Donnée importée via pipeline ETL vectorisé
U288,Toy Story Original,4.5,2026-02-03 18:30:00,history,Donnée importée via pipeline ETL vectorisé
U288,Pulp Fiction Original,4.1,2026-02-20 21:00:00,history,Donnée importée via pipeline ETL vectorisé
U289,Titanic Original,4.8,2026-01-15 10:00:00,history,Donnée importée via pipeline ETL vectorisé
U289,La La Land Saga,3.3,2026-02-03 18:30:00,history,Donnée importée via pipeline ETL vectorisé
U289,The Conjuring Original,2.5,2026-02-20 21:00:00,history,Donnée importée via pipeline ETL vectorisé
U289,Gladiator Original,3.6,2026-03-08 14:15:00,history,Donnée importée via pipeline ETL vectorisé
U289,Parasite Original,3.9,2026-03-25 20:00:00,history,Donnée importée via pipeline ETL vectorisé
U289,Pulp Fiction Original,4.8,2026-04-10 16:45:00,history,Donnée importée via pipeline ETL vectorisé
U289,Blade Runner 2049 Original,4.6,2026-05-01 19:30:00,history,Donnée importée via pipeline ETL vectorisé
U290,Spirited Away Original,2.8,2026-01-15 10:00:00,history,Donnée importée via pipeline ETL vectorisé
U290,Seven Reborn,3.8,2026-02-03 18:30:00,history,Donnée importée via pipeline ETL vectorisé
U290,Parasite Original,3.2,2026-02-20 21:00:00,history,Donnée importée via pipeline ETL vectorisé
U290,Get Out Original,3.3,2026-03-25 20:00:00,history,Donnée importée via pipeline ETL vectorisé
U290,La La Land Saga,3.2,2026-04-10 16:45:00,history,Donnée importée via pipeline ETL vectorisé
U291,Interstellar Original,3.8,2026-01-15 10:00:00,history,Donnée importée via pipeline ETL vectorisé
U291,Gladiator Legacy,3.7,2026-02-03 18:30:00,history,Donnée importée via pipeline ETL vectorisé
U291,Get Out Original,3.5,2026-02-20 21:00:00,history,Donnée importée via pipeline ETL vectorisé
U292,Superbad Original,4.4,2026-01-15 10:00:00,history,Donnée importée via pipeline ETL vectorisé
U292,Toy Story Evolution,3.3,2026-02-03 18:30:00,history,Donnée importée via pipeline ETL vectorisé
U292,The Hangover Original,3.8,2026-02-20 21:00:00,history,Donnée importée via pipeline ETL vectorisé
U292,Get Out Original,5.0,2026-03-08 14:15:00,history,Donnée importée via pipeline ETL vectorisé
U292,The Conjuring Original,2.2,2026-03-25 20:00:00,history,Donnée importée via pipeline ETL vectorisé
U292,The Matrix Reloaded,3.2,2026-04-10 16:45:00,history,Donnée importée via pipeline ETL vectorisé
U292,Seven Reborn,4.9,2026-05-01 19:30:00,history,Donnée importée via pipeline ETL vectorisé
U293,Titanic Original,5.0,2026-01-15 10:00:00,history,Donnée importée via pipeline ETL vectorisé
U293,The Dark Knight Original,3.7,2026-06-01 00:00:00,history,Donnée importée via pipeline ETL vectorisé
U293,Avatar Original,4.6,2026-02-20 21:00:00,history,Donnée importée via pipeline ETL vectorisé
U293,The Matrix Original,3.6,2026-03-08 14:15:00,history,Donnée importée via pipeline ETL vectorisé
U293,Gladiator Original,3.7,2026-03-25 20:00:00,history,Donnée importée via pipeline ETL vectorisé
U293,Blade Runner 2049 Original,3.6,2026-04-10 16:45:00,history,Donnée importée via pipeline ETL vectorisé
U293,Gladiator Legacy,4.1,2026-05-01 19:30:00,history,Donnée importée via pipeline ETL vectorisé
U294,Gladiator Legacy,3.1,2026-01-15 10:00:00,history,Donnée importée via pipeline ETL vectorisé
U294,Parasite Original,3.8,2026-06-01 00:00:00,history,Donnée importée via pipeline ETL vectorisé
U294,Blade Runner 2049 Original,4.5,2026-03-08 14:15:00,history,Donnée importée via pipeline ETL vectorisé
U294,Interstellar Original,3.9,2026-03-25 20:00:00,history,Donnée importée via pipeline ETL vectorisé
U295,The Conjuring Original,4.3,2026-01-15 10:00:00,history,Donnée importée via pipeline ETL vectorisé
U295,Get Out Original,2.9,2026-02-03 18:30:00,history,Donnée importée via pipeline ETL vectorisé
U295,Superbad Original,4.2,2026-02-20 21:00:00,history,Donnée importée via pipeline ETL vectorisé
U295,Avatar Part I,4.8,2026-03-08 14:15:00,history,Donnée importée via pipeline ETL vectorisé
U295,Parasite Original,3.5,2026-03-25 20:00:00,history,Donnée importée via pipeline ETL vectorisé
U295,La La Land Original,2.4,2026-04-10 16:45:00,history,Donnée importée via pipeline ETL vectorisé
U295,Titanic Original,1.8,2026-05-01 19:30:00,history,Donnée importée via pipeline ETL vectorisé
U296,Gladiator Legacy,2.7,2026-01-15 10:00:00,history,Donnée importée via pipeline ETL vectorisé
U296,Parasite Original,3.6,2026-02-03 18:30:00,history,Donnée importée via pipeline ETL vectorisé
U296,La La Land Saga,5.0,2026-02-20 21:00:00,history,Donnée importée via pipeline ETL vectorisé
U296,The Matrix Reloaded,3.8,2026-03-08 14:15:00,history,Donnée importée via pipeline ETL vectorisé
U296,Avatar Original,3.8,2026-03-25 20:00:00,history,Donnée importée via pipeline ETL vectorisé
U297,Titanic Original,4.0,2026-01-15 10:00:00,history,Donnée importée via pipeline ETL vectorisé
U297,La La Land Original,5.0,2026-02-03 18:30:00,history,Donnée importée via pipeline ETL vectorisé
U297,Blade Runner 2049 Original,2.5,2026-02-20 21:00:00,history,Donnée importée via pipeline ETL vectorisé
U297,Avatar Part I,4.9,2026-03-08 14:15:00,history,Donnée importée via pipeline ETL vectorisé
U297,The Dark Knight Original,2.1,2026-03-25 20:00:00,history,Donnée importée via pipeline ETL vectorisé
U297,Gladiator Legacy,4.3,2026-04-10 16:45:00,history,Donnée importée via pipeline ETL vectorisé
U298,Toy Story Original,4.7,2026-01-15 10:00:00,history,Donnée importée via pipeline ETL vectorisé
U298,Get Out Original,1.3,2026-02-03 18:30:00,history,Donnée importée via pipeline ETL vectorisé
U298,Spirited Away Original,5.0,2026-02-20 21:00:00,history,Donnée importée via pipeline ETL vectorisé
U298,Gladiator Legacy,4.1,2026-03-08 14:15:00,history,Donnée importée via pipeline ETL vectorisé
U298,Parasite Original,3.6,2026-03-25 20:00:00,history,Donnée importée via pipeline ETL vectorisé
U298,Toy Story Evolution,4.2,2026-04-10 16:45:00,history,Donnée importée via pipeline ETL vectorisé
U299,Parasite Original,3.9,2026-01-15 10:00:00,history,Donnée importée via pipeline ETL vectorisé
U299,Gladiator Legacy,3.1,2026-02-03 18:30:00,history,Donnée importée via pipeline ETL vectorisé
U299,Seven Reborn,3.6,2026-02-20 21:00:00,history,Donnée importée via pipeline ETL vectorisé
U299,Avatar Part I,3.4,2026-03-08 14:15:00,history,Donnée importée via pipeline ETL vectorisé
U299,Pulp Fiction Original,4.1,2026-04-10 16:45:00,history,Donnée importée via pipeline ETL vectorisé
U300,Pulp Fiction Original,2.7,2026-02-03 18:30:00,history,Donnée importée via pipeline ETL vectorisé
U300,Superbad Original,5.0,2026-02-20 21:00:00,history,Donnée importée via pipeline ETL vectorisé
U300,The Matrix Reloaded,3.2,2026-03-08 14:15:00,history,Donnée importée via pipeline ETL vectorisé
U300,La La Land Saga,3.2,2026-03-25 20:00:00,history,Donnée importée via pipeline ETL vectorisé
U300,Titanic Original,3.0,2026-04-10 16:45:00,history,Donnée importée via pipeline ETL vectorisé
U300,The Conjuring Original,3.1,2026-05-01 19:30:00,history,Donnée importée via pipeline ETL vectorisé
U301,Spirited Away Original,3.7,2026-01-15 10:00:00,history,Donnée importée via pipeline ETL vectorisé
U301,La La Land Saga,2.8,2026-02-03 18:30:00,history,Donnée importée via pipeline ETL vectorisé
U301,The Hangover Original,2.7,2026-02-20 21:00:00,history,Donnée importée via pipeline ETL vectorisé
U302,Superbad Original,4.9,2026-01-15 10:00:00,history,Donnée importée via pipeline ETL vectorisé
U302,The Hangover Original,4.9,2026-02-03 18:30:00,history,Donnée importée via pipeline ETL vectorisé
U302,The Conjuring Original,5.0,2026-02-20 21:00:00,history,Donnée importée via pipeline ETL vectorisé
U302,Parasite Original,5.0,2026-03-08 14:15:00,history,Donnée importée via pipeline ETL vectorisé
U302,Interstellar Original,4.4,2026-03-25 20:00:00,history,Donnée importée via pipeline ETL vectorisé
U302,Pulp Fiction Original,4.8,2026-04-10 16:45:00,history,Donnée importée via pipeline ETL vectorisé
U303,The Dark Knight Original,5.0,2026-01-15 10:00:00,history,Donnée importée via pipeline ETL vectorisé
U303,Avatar Part I,2.7,2026-02-03 18:30:00,history,Donnée importée via pipeline ETL vectorisé
U303,The Matrix Original,4.7,2026-02-20 21:00:00,history,Donnée importée via pipeline ETL vectorisé
U303,Gladiator Original,4.3,2026-03-08 14:15:00,history,Donnée importée via pipeline ETL vectorisé
U304,Titanic Original,2.3,2026-01-15 10:00:00,history,Donnée importée via pipeline ETL vectorisé
U304,The Matrix Original,4.8,2026-02-20 21:00:00,history,Donnée importée via pipeline ETL vectorisé
U305,Titanic Original,2.8,2026-01-15 10:00:00,history,Donnée importée via pipeline ETL vectorisé
U305,Parasite Original,5.0,2026-02-03 18:30:00,history,Donnée importée via pipeline ETL vectorisé
U305,Get Out Original,4.2,2026-02-20 21:00:00,history,Donnée importée via pipeline ETL vectorisé
U306,Seven Original,4.1,2026-01-15 10:00:00,history,Donnée importée via pipeline ETL vectorisé
U306,Parasite Original,3.9,2026-02-03 18:30:00,history,Donnée importée via pipeline ETL vectorisé
U306,Spirited Away Original,1.1,2026-02-20 21:00:00,history,Donnée importée via pipeline ETL vectorisé
U306,The Hangover Original,5.0,2026-03-08 14:15:00,history,Donnée importée via pipeline ETL vectorisé
U307,The Dark Knight Original,1.2,2026-01-15 10:00:00,history,Donnée importée via pipeline ETL vectorisé
U307,The Conjuring Original,2.6,2026-02-03 18:30:00,history,Donnée importée via pipeline ETL vectorisé
U307,La La Land Original,4.2,2026-02-20 21:00:00,history,Donnée importée via pipeline ETL vectorisé
U307,Titanic Original,4.4,2026-03-08 14:15:00,history,Donnée importée via pipeline ETL vectorisé
U308,Avatar Original,1.8,2026-06-01 00:00:00,history,Donnée importée via pipeline ETL vectorisé
U308,Spirited Away Original,3.6,2026-02-03 18:30:00,history,Donnée importée via pipeline ETL vectorisé
U308,Toy Story Original,5.0,2026-02-20 21:00:00,history,Donnée importée via pipeline ETL vectorisé
U309,Parasite Original,3.5,2026-06-01 00:00:00,history,Donnée importée via pipeline ETL vectorisé
U309,Interstellar Original,1.3,2026-02-03 18:30:00,history,Donnée importée via pipeline ETL vectorisé
U309,Blade Runner 2049 Original,1.6,2026-02-20 21:00:00,history,Donnée importée via pipeline ETL vectorisé
U310,Seven Reborn,3.3,2026-01-15 10:00:00,history,Donnée importée via pipeline ETL vectorisé
U310,Get Out Original,2.9,2026-02-03 18:30:00,history,Donnée importée via pipeline ETL vectorisé
U310,The Dark Knight Original,3.5,2026-02-20 21:00:00,history,Donnée importée via pipeline ETL vectorisé
U310,The Conjuring Original,3.0,2026-03-08 14:15:00,history,Donnée importée via pipeline ETL vectorisé
U310,Superbad Original,3.3,2026-03-25 20:00:00,history,Donnée importée via pipeline ETL vectorisé
U311,Seven Reborn,3.6,2026-01-15 10:00:00,history,Donnée importée via pipeline ETL vectorisé
U311,Get Out Original,2.6,2026-02-03 18:30:00,history,Donnée importée via pipeline ETL vectorisé
U311,Toy Story Evolution,3.4,2026-02-20 21:00:00,history,Donnée importée via pipeline ETL vectorisé
U311,Spirited Away Original,3.6,2026-03-08 14:15:00,history,Donnée importée via pipeline ETL vectorisé
U312,Blade Runner 2049 Original,3.5,2026-01-15 10:00:00,history,Donnée importée via pipeline ETL vectorisé
U312,Superbad Original,4.5,2026-02-03 18:30:00,history,Donnée importée via pipeline ETL vectorisé
U312,The Hangover Original,4.2,2026-02-20 21:00:00,history,Donnée importée via pipeline ETL vectorisé
U312,Get Out Original,3.9,2026-03-08 14:15:00,history,Donnée importée via pipeline ETL vectorisé
U312,La La Land Saga,4.5,2026-04-10 16:45:00,history,Donnée importée via pipeline ETL vectorisé
U313,Gladiator Original,4.9,2026-01-15 10:00:00,history,Donnée importée via pipeline ETL vectorisé
U313,The Matrix Reloaded,2.6,2026-02-03 18:30:00,history,Donnée importée via pipeline ETL vectorisé
U313,The Dark Knight Original,4.9,2026-02-20 21:00:00,history,Donnée importée via pipeline ETL vectorisé
U313,La La Land Original,1.6,2026-03-08 14:15:00,history,Donnée importée via pipeline ETL vectorisé
U313,Avatar Original,4.7,2026-03-25 20:00:00,history,Donnée importée via pipeline ETL vectorisé
U313,The Matrix Original,4.6,2026-04-10 16:45:00,history,Donnée importée via pipeline ETL vectorisé
U313,Gladiator Legacy,4.4,2026-05-01 19:30:00,history,Donnée importée via pipeline ETL vectorisé
U314,Avatar Part I,3.5,2026-01-15 10:00:00,history,Donnée importée via pipeline ETL vectorisé
U314,Gladiator Legacy,2.6,2026-02-03 18:30:00,history,Donnée importée via pipeline ETL vectorisé
U314,La La Land Original,1.4,2026-02-20 21:00:00,history,Donnée importée via pipeline ETL vectorisé
U314,Blade Runner 2049 Original,4.1,2026-03-25 20:00:00,history,Donnée importée via pipeline ETL vectorisé
U314,Titanic Original,2.3,2026-06-01 00:00:00,history,Donnée importée via pipeline ETL vectorisé
U315,Get Out Original,3.5,2026-01-15 10:00:00,history,Donnée importée via pipeline ETL vectorisé
U315,La La Land Saga,3.6,2026-02-03 18:30:00,history,Donnée importée via pipeline ETL vectorisé
U315,The Conjuring Original,4.3,2026-02-20 21:00:00,history,Donnée importée via pipeline ETL vectorisé
U315,Blade Runner 2049 Original,3.5,2026-03-08 14:15:00,history,Donnée importée via pipeline ETL vectorisé
U316,Parasite Original,3.8,2026-01-15 10:00:00,history,Donnée importée via pipeline ETL vectorisé
U316,Seven Original,3.6,2026-02-03 18:30:00,history,Donnée importée via pipeline ETL vectorisé
U316,Avatar Original,5.0,2026-02-20 21:00:00,history,Donnée importée via pipeline ETL vectorisé
U316,La La Land Saga,5.0,2026-03-08 14:15:00,history,Donnée importée via pipeline ETL vectorisé
U316,Interstellar Original,4.7,2026-03-25 20:00:00,history,Donnée importée via pipeline ETL vectorisé
U316,Seven Reborn,4.9,2026-04-10 16:45:00,history,Donnée importée via pipeline ETL vectorisé
U316,Superbad Original,1.7,2026-05-01 19:30:00,history,Donnée importée via pipeline ETL vectorisé
U317,La La Land Original,4.3,2026-01-15 10:00:00,history,Donnée importée via pipeline ETL vectorisé
U317,Superbad Original,3.3,2026-02-03 18:30:00,history,Donnée importée via pipeline ETL vectorisé
U317,Toy Story Evolution,3.6,2026-02-20 21:00:00,history,Donnée importée via pipeline ETL vectorisé
U318,Spirited Away Original,4.9,2026-01-15 10:00:00,history,Donnée importée via pipeline ETL vectorisé
U318,Toy Story Original,5.0,2026-02-03 18:30:00,history,Donnée importée via pipeline ETL vectorisé
U318,La La Land Saga,4.7,2026-02-20 21:00:00,history,Donnée importée via pipeline ETL vectorisé
U318,Get Out Original,1.7,2026-03-08 14:15:00,history,Donnée importée via pipeline ETL vectorisé
U318,Superbad Original,4.5,2026-03-25 20:00:00,history,Donnée importée via pipeline ETL vectorisé
U319,Titanic Original,4.7,2026-01-15 10:00:00,history,Donnée importée via pipeline ETL vectorisé
U319,Parasite Original,3.7,2026-02-03 18:30:00,history,Donnée importée via pipeline ETL vectorisé
U319,Pulp Fiction Original,4.1,2026-02-20 21:00:00,history,Donnée importée via pipeline ETL vectorisé
U319,Get Out Original,3.7,2026-03-08 14:15:00,history,Donnée importée via pipeline ETL vectorisé
U319,The Conjuring Original,2.9,2026-03-25 20:00:00,history,Donnée importée via pipeline ETL vectorisé
U319,Gladiator Original,3.5,2026-04-10 16:45:00,history,Donnée importée via pipeline ETL vectorisé
U320,Interstellar Original,3.9,2026-01-15 10:00:00,history,Donnée importée via pipeline ETL vectorisé
U320,Titanic Original,3.6,2026-02-03 18:30:00,history,Donnée importée via pipeline ETL vectorisé
U320,The Conjuring Original,3.3,2026-02-20 21:00:00,history,Donnée importée via pipeline ETL vectorisé
U320,Seven Reborn,3.0,2026-03-08 14:15:00,history,Donnée importée via pipeline ETL vectorisé
U320,Get Out Original,3.4,2026-03-25 20:00:00,history,Donnée importée via pipeline ETL vectorisé
U321,Pulp Fiction Original,3.7,2026-06-01 00:00:00,history,Donnée importée via pipeline ETL vectorisé
U321,La La Land Saga,2.6,2026-02-03 18:30:00,history,Donnée importée via pipeline ETL vectorisé
U321,Interstellar Original,2.6,2026-02-20 21:00:00,history,Donnée importée via pipeline ETL vectorisé
U321,Toy Story Evolution,3.8,2026-03-08 14:15:00,history,Donnée importée via pipeline ETL vectorisé
U321,Get Out Original,2.5,2026-03-25 20:00:00,history,Donnée importée via pipeline ETL vectorisé
U321,Gladiator Legacy,3.5,2026-04-10 16:45:00,history,Donnée importée via pipeline ETL vectorisé
U322,Superbad Original,2.6,2026-01-15 10:00:00,history,Donnée importée via pipeline ETL vectorisé
U322,The Hangover Original,5.0,2026-02-03 18:30:00,history,Donnée importée via pipeline ETL vectorisé
U322,Pulp Fiction Original,3.5,2026-02-20 21:00:00,history,Donnée importée via pipeline ETL vectorisé
U322,Avatar Part I,3.7,2026-03-08 14:15:00,history,Donnée importée via pipeline ETL vectorisé
U322,Gladiator Legacy,4.3,2026-03-25 20:00:00,history,Donnée importée via pipeline ETL vectorisé
U323,Avatar Original,3.5,2026-01-15 10:00:00,history,Donnée importée via pipeline ETL vectorisé
U323,The Dark Knight Original,4.3,2026-02-03 18:30:00,history,Donnée importée via pipeline ETL vectorisé
U323,The Hangover Original,3.2,2026-02-20 21:00:00,history,Donnée importée via pipeline ETL vectorisé
U323,Toy Story Evolution,3.0,2026-03-08 14:15:00,history,Donnée importée via pipeline ETL vectorisé
U323,Gladiator Original,4.5,2026-03-25 20:00:00,history,Donnée importée via pipeline ETL vectorisé
U323,La La Land Original,1.7,2026-04-10 16:45:00,history,Donnée importée via pipeline ETL vectorisé
U323,La La Land Saga,2.9,2026-05-01 19:30:00,history,Donnée importée via pipeline ETL vectorisé
U324,The Matrix Original,4.6,2026-01-15 10:00:00,history,Donnée importée via pipeline ETL vectorisé
U324,La La Land Original,2.5,2026-02-03 18:30:00,history,Donnée importée via pipeline ETL vectorisé
U324,Interstellar Original,4.2,2026-02-20 21:00:00,history,Donnée importée via pipeline ETL vectorisé
U325,The Conjuring Original,3.5,2026-01-15 10:00:00,history,Donnée importée via pipeline ETL vectorisé
U325,Avatar Part I,2.8,2026-02-03 18:30:00,history,Donnée importée via pipeline ETL vectorisé
U325,The Hangover Original,1.2,2026-02-20 21:00:00,history,Donnée importée via pipeline ETL vectorisé
U325,Get Out Original,4.6,2026-03-08 14:15:00,history,Donnée importée via pipeline ETL vectorisé
U325,Toy Story Evolution,3.6,2026-03-25 20:00:00,history,Donnée importée via pipeline ETL vectorisé
U325,Interstellar Original,4.6,2026-05-01 19:30:00,history,Donnée importée via pipeline ETL vectorisé
U326,Avatar Original,3.5,2026-01-15 10:00:00,history,Donnée importée via pipeline ETL vectorisé
U326,Avatar Part I,3.8,2026-06-01 00:00:00,history,Donnée importée via pipeline ETL vectorisé
U326,Seven Original,3.8,2026-02-20 21:00:00,history,Donnée importée via pipeline ETL vectorisé
U326,Parasite Original,3.8,2026-03-08 14:15:00,history,Donnée importée via pipeline ETL vectorisé
U327,Titanic Original,2.9,2026-01-15 10:00:00,history,Donnée importée via pipeline ETL vectorisé
U327,La La Land Original,4.1,2026-02-03 18:30:00,history,Donnée importée via pipeline ETL vectorisé
U327,The Matrix Original,1.7,2026-02-20 21:00:00,history,Donnée importée via pipeline ETL vectorisé
U327,The Dark Knight Original,2.2,2026-03-08 14:15:00,history,Donnée importée via pipeline ETL vectorisé
U327,The Matrix Reloaded,2.5,2026-03-25 20:00:00,history,Donnée importée via pipeline ETL vectorisé
U328,Spirited Away Original,4.8,2026-01-15 10:00:00,history,Donnée importée via pipeline ETL vectorisé
U328,Toy Story Original,4.8,2026-02-03 18:30:00,history,Donnée importée via pipeline ETL vectorisé
U328,The Conjuring Original,2.5,2026-02-20 21:00:00,history,Donnée importée via pipeline ETL vectorisé
U328,Toy Story Evolution,3.7,2026-06-01 00:00:00,history,Donnée importée via pipeline ETL vectorisé
U328,Pulp Fiction Original,4.4,2026-03-25 20:00:00,history,Donnée importée via pipeline ETL vectorisé
U328,The Dark Knight Original,4.9,2026-04-10 16:45:00,history,Donnée importée via pipeline ETL vectorisé
U329,Parasite Original,4.5,2026-01-15 10:00:00,history,Donnée importée via pipeline ETL vectorisé
U329,Titanic Original,4.3,2026-02-03 18:30:00,history,Donnée importée via pipeline ETL vectorisé
U329,Interstellar Original,1.6,2026-02-20 21:00:00,history,Donnée importée via pipeline ETL vectorisé
U329,Pulp Fiction Original,3.6,2026-03-08 14:15:00,history,Donnée importée via pipeline ETL vectorisé
U329,Gladiator Original,4.2,2026-03-25 20:00:00,history,Donnée importée via pipeline ETL vectorisé
U329,The Matrix Original,1.0,2026-04-10 16:45:00,history,Donnée importée via pipeline ETL vectorisé
U330,Gladiator Legacy,3.4,2026-01-15 10:00:00,history,Donnée importée via pipeline ETL vectorisé
U330,Interstellar Original,2.6,2026-02-20 21:00:00,history,Donnée importée via pipeline ETL vectorisé
U331,Superbad Original,3.2,2026-01-15 10:00:00,history,Donnée importée via pipeline ETL vectorisé
U331,Gladiator Legacy,3.1,2026-02-03 18:30:00,history,Donnée importée via pipeline ETL vectorisé
U331,Spirited Away Original,3.4,2026-02-20 21:00:00,history,Donnée importée via pipeline ETL vectorisé
U331,Get Out Original,3.1,2026-03-08 14:15:00,history,Donnée importée via pipeline ETL vectorisé
U332,Superbad Original,3.7,2026-01-15 10:00:00,history,Donnée importée via pipeline ETL vectorisé
U332,The Conjuring Original,1.2,2026-02-03 18:30:00,history,Donnée importée via pipeline ETL vectorisé
U332,The Hangover Original,4.9,2026-02-20 21:00:00,history,Donnée importée via pipeline ETL vectorisé
U333,La La Land Original,2.8,2026-01-15 10:00:00,history,Donnée importée via pipeline ETL vectorisé
U333,Avatar Original,4.0,2026-02-03 18:30:00,history,Donnée importée via pipeline ETL vectorisé
U333,The Dark Knight Original,4.0,2026-02-20 21:00:00,history,Donnée importée via pipeline ETL vectorisé
U334,Superbad Original,2.5,2026-01-15 10:00:00,history,Donnée importée via pipeline ETL vectorisé
U334,Interstellar Original,4.8,2026-02-03 18:30:00,history,Donnée importée via pipeline ETL vectorisé
U334,The Matrix Original,5.0,2026-02-20 21:00:00,history,Donnée importée via pipeline ETL vectorisé
U334,Titanic Original,5.0,2026-03-25 20:00:00,history,Donnée importée via pipeline ETL vectorisé
U334,Blade Runner 2049 Original,3.8,2026-04-10 16:45:00,history,Donnée importée via pipeline ETL vectorisé
U334,The Dark Knight Original,3.2,2026-05-01 19:30:00,history,Donnée importée via pipeline ETL vectorisé
U335,The Conjuring Original,4.0,2026-01-15 10:00:00,history,Donnée importée via pipeline ETL vectorisé
U335,Get Out Original,4.6,2026-02-03 18:30:00,history,Donnée importée via pipeline ETL vectorisé
U335,Titanic Original,2.8,2026-02-20 21:00:00,history,Donnée importée via pipeline ETL vectorisé
U335,Avatar Part I,4.1,2026-03-08 14:15:00,history,Donnée importée via pipeline ETL vectorisé
U335,The Dark Knight Original,2.6,2026-03-25 20:00:00,history,Donnée importée via pipeline ETL vectorisé
U335,La La Land Original,2.8,2026-04-10 16:45:00,history,Donnée importée via pipeline ETL vectorisé
U335,Gladiator Legacy,4.8,2026-05-01 19:30:00,history,Donnée importée via pipeline ETL vectorisé
U336,Avatar Original,4.5,2026-01-15 10:00:00,history,Donnée importée via pipeline ETL vectorisé
U336,Seven Original,3.7,2026-02-03 18:30:00,history,Donnée importée via pipeline ETL vectorisé
U336,Pulp Fiction Original,3.0,2026-02-20 21:00:00,history,Donnée importée via pipeline ETL vectorisé
U336,Toy Story Original,1.8,2026-03-08 14:15:00,history,Donnée importée via pipeline ETL vectorisé
U336,Parasite Original,4.7,2026-03-25 20:00:00,history,Donnée importée via pipeline ETL vectorisé
U337,Titanic Original,4.7,2026-01-15 10:00:00,history,Donnée importée via pipeline ETL vectorisé
U337,Superbad Original,3.5,2026-02-03 18:30:00,history,Donnée importée via pipeline ETL vectorisé
U337,La La Land Original,4.7,2026-02-20 21:00:00,history,Donnée importée via pipeline ETL vectorisé
U337,Spirited Away Original,3.7,2026-03-08 14:15:00,history,Donnée importée via pipeline ETL vectorisé
U338,Spirited Away Original,3.8,2026-01-15 10:00:00,history,Donnée importée via pipeline ETL vectorisé
U338,Seven Reborn,3.0,2026-02-03 18:30:00,history,Donnée importée via pipeline ETL vectorisé
U338,Toy Story Original,3.8,2026-02-20 21:00:00,history,Donnée importée via pipeline ETL vectorisé
U338,The Conjuring Original,3.6,2026-03-08 14:15:00,history,Donnée importée via pipeline ETL vectorisé
U339,Titanic Original,2.8,2026-01-15 10:00:00,history,Donnée importée via pipeline ETL vectorisé
U339,Parasite Original,4.6,2026-02-03 18:30:00,history,Donnée importée via pipeline ETL vectorisé
U339,The Conjuring Original,2.2,2026-02-20 21:00:00,history,Donnée importée via pipeline ETL vectorisé
U339,Pulp Fiction Original,4.3,2026-03-08 14:15:00,history,Donnée importée via pipeline ETL vectorisé
U339,Gladiator Original,3.6,2026-03-25 20:00:00,history,Donnée importée via pipeline ETL vectorisé
U339,Seven Reborn,4.3,2026-04-10 16:45:00,history,Donnée importée via pipeline ETL vectorisé
U340,The Hangover Original,3.6,2026-02-03 18:30:00,history,Donnée importée via pipeline ETL vectorisé
U340,The Matrix Reloaded,3.5,2026-06-01 00:00:00,history,Donnée importée via pipeline ETL vectorisé
U341,Avatar Part I,5.0,2026-01-15 10:00:00,history,Donnée importée via pipeline ETL vectorisé
U341,Seven Reborn,2.6,2026-02-03 18:30:00,history,Donnée importée via pipeline ETL vectorisé
U341,Get Out Original,3.0,2026-02-20 21:00:00,history,Donnée importée via pipeline ETL vectorisé
U341,The Matrix Reloaded,3.7,2026-03-08 14:15:00,history,Donnée importée via pipeline ETL vectorisé
U342,Superbad Original,4.1,2026-01-15 10:00:00,history,Donnée importée via pipeline ETL vectorisé
U342,The Hangover Original,4.9,2026-02-03 18:30:00,history,Donnée importée via pipeline ETL vectorisé
U342,Toy Story Evolution,3.8,2026-02-20 21:00:00,history,Donnée importée via pipeline ETL vectorisé
U343,The Hangover Original,3.7,2026-06-01 00:00:00,history,Donnée importée via pipeline ETL vectorisé
U343,Toy Story Original,2.1,2026-02-03 18:30:00,history,Donnée importée via pipeline ETL vectorisé
U343,The Matrix Original,3.6,2026-06-01 00:00:00,history,Donnée importée via pipeline ETL vectorisé
U344,The Matrix Original,4.9,2026-01-15 10:00:00,history,Donnée importée via pipeline ETL vectorisé
U344,Titanic Original,3.2,2026-02-20 21:00:00,history,Donnée importée via pipeline ETL vectorisé
U344,Interstellar Original,4.8,2026-03-08 14:15:00,history,Donnée importée via pipeline ETL vectorisé
U344,Blade Runner 2049 Original,4.0,2026-03-25 20:00:00,history,Donnée importée via pipeline ETL vectorisé
U344,Spirited Away Original,4.6,2026-04-10 16:45:00,history,Donnée importée via pipeline ETL vectorisé
U344,Pulp Fiction Original,3.8,2026-06-01 00:00:00,history,Donnée importée via pipeline ETL vectorisé
U345,Get Out Original,4.0,2026-01-15 10:00:00,history,Donnée importée via pipeline ETL vectorisé
U345,The Conjuring Original,4.2,2026-02-03 18:30:00,history,Donnée importée via pipeline ETL vectorisé
U346,The Dark Knight Original,2.7,2026-01-15 10:00:00,history,Donnée importée via pipeline ETL vectorisé
U346,Titanic Original,3.2,2026-02-03 18:30:00,history,Donnée importée via pipeline ETL vectorisé
U346,Parasite Original,4.0,2026-02-20 21:00:00,history,Donnée importée via pipeline ETL vectorisé
U346,The Hangover Original,3.1,2026-03-08 14:15:00,history,Donnée importée via pipeline ETL vectorisé
U346,Avatar Original,4.8,2026-03-25 20:00:00,history,Donnée importée via pipeline ETL vectorisé
U347,Get Out Original,2.9,2026-01-15 10:00:00,history,Donnée importée via pipeline ETL vectorisé
U347,The Dark Knight Original,2.7,2026-02-03 18:30:00,history,Donnée importée via pipeline ETL vectorisé
U347,La La Land Original,3.9,2026-02-20 21:00:00,history,Donnée importée via pipeline ETL vectorisé
U347,Titanic Original,4.0,2026-06-01 00:00:00,history,Donnée importée via pipeline ETL vectorisé
U348,Spirited Away Original,3.0,2026-01-15 10:00:00,history,Donnée importée via pipeline ETL vectorisé
U348,Toy Story Original,4.4,2026-02-03 18:30:00,history,Donnée importée via pipeline ETL vectorisé
U348,Toy Story Evolution,5.0,2026-02-20 21:00:00,history,Donnée importée via pipeline ETL vectorisé
U348,La La Land Saga,5.0,2026-03-08 14:15:00,history,Donnée importée via pipeline ETL vectorisé
U349,Parasite Original,4.4,2026-01-15 10:00:00,history,Donnée importée via pipeline ETL vectorisé
U349,Gladiator Original,3.8,2026-02-03 18:30:00,history,Donnée importée via pipeline ETL vectorisé
U349,Get Out Original,1.7,2026-02-20 21:00:00,history,Donnée importée via pipeline ETL vectorisé
U350,Get Out Original,3.8,2026-01-15 10:00:00,history,Donnée importée via pipeline ETL vectorisé
U350,The Dark Knight Original,2.9,2026-02-03 18:30:00,history,Donnée importée via pipeline ETL vectorisé
U350,Gladiator Legacy,2.9,2026-02-20 21:00:00,history,Donnée importée via pipeline ETL vectorisé
U350,Avatar Part I,2.8,2026-03-08 14:15:00,history,Donnée importée via pipeline ETL vectorisé
U350,Titanic Original,2.7,2026-03-25 20:00:00,history,Donnée importée via pipeline ETL vectorisé
U350,Blade Runner 2049 Original,3.2,2026-04-10 16:45:00,history,Donnée importée via pipeline ETL vectorisé
U350,The Hangover Original,3.5,2026-05-01 19:30:00,history,Donnée importée via pipeline ETL vectorisé
U351,The Matrix Reloaded,3.1,2026-06-01 00:00:00,history,Donnée importée via pipeline ETL vectorisé
U351,The Dark Knight Original,3.0,2026-02-03 18:30:00,history,Donnée importée via pipeline ETL vectorisé
U351,La La Land Saga,3.2,2026-02-20 21:00:00,history,Donnée importée via pipeline ETL vectorisé
U351,Titanic Original,3.4,2026-03-08 14:15:00,history,Donnée importée via pipeline ETL vectorisé
U351,Superbad Original,3.7,2026-03-25 20:00:00,history,Donnée importée via pipeline ETL vectorisé
U351,The Conjuring Original,2.8,2026-04-10 16:45:00,history,Donnée importée via pipeline ETL vectorisé
U351,Toy Story Evolution,3.0,2026-05-01 19:30:00,history,Donnée importée via pipeline ETL vectorisé
U352,The Hangover Original,3.8,2026-01-15 10:00:00,history,Donnée importée via pipeline ETL vectorisé
U352,Superbad Original,4.2,2026-02-03 18:30:00,history,Donnée importée via pipeline ETL vectorisé
U352,The Conjuring Original,2.0,2026-06-01 00:00:00,history,Donnée importée via pipeline ETL vectorisé
U352,Get Out Original,1.5,2026-03-25 20:00:00,history,Donnée importée via pipeline ETL vectorisé
U352,Titanic Original,4.9,2026-04-10 16:45:00,history,Donnée importée via pipeline ETL vectorisé
U352,The Dark Knight Original,3.5,2026-05-01 19:30:00,history,Donnée importée via pipeline ETL vectorisé
U353,Avatar Original,4.5,2026-01-15 10:00:00,history,Donnée importée via pipeline ETL vectorisé
U353,The Matrix Original,4.2,2026-02-03 18:30:00,history,Donnée importée via pipeline ETL vectorisé
U353,Gladiator Original,3.9,2026-02-20 21:00:00,history,Donnée importée via pipeline ETL vectorisé
U353,The Dark Knight Original,3.7,2026-03-08 14:15:00,history,Donnée importée via pipeline ETL vectorisé
U353,Interstellar Original,3.4,2026-03-25 20:00:00,history,Donnée importée via pipeline ETL vectorisé
U353,Spirited Away Original,2.5,2026-04-10 16:45:00,history,Donnée importée via pipeline ETL vectorisé
U353,Titanic Original,3.7,2026-05-01 19:30:00,history,Donnée importée via pipeline ETL vectorisé
U354,Blade Runner 2049 Original,2.7,2026-01-15 10:00:00,history,Donnée importée via pipeline ETL vectorisé
U354,Spirited Away Original,3.4,2026-02-03 18:30:00,history,Donnée importée via pipeline ETL vectorisé
U354,Interstellar Original,4.5,2026-02-20 21:00:00,history,Donnée importée via pipeline ETL vectorisé
U354,The Matrix Original,4.2,2026-03-08 14:15:00,history,Donnée importée via pipeline ETL vectorisé
U354,Gladiator Legacy,3.9,2026-04-10 16:45:00,history,Donnée importée via pipeline ETL vectorisé
U354,La La Land Saga,4.6,2026-05-01 19:30:00,history,Donnée importée via pipeline ETL vectorisé
U355,Get Out Original,4.0,2026-01-15 10:00:00,history,Donnée importée via pipeline ETL vectorisé
U355,Avatar Part I,3.5,2026-02-03 18:30:00,history,Donnée importée via pipeline ETL vectorisé
U355,The Conjuring Original,4.5,2026-02-20 21:00:00,history,Donnée importée via pipeline ETL vectorisé
U355,The Dark Knight Original,5.0,2026-03-08 14:15:00,history,Donnée importée via pipeline ETL vectorisé
U355,Pulp Fiction Original,3.2,2026-03-25 20:00:00,history,Donnée importée via pipeline ETL vectorisé
U355,The Matrix Reloaded,3.8,2026-04-10 16:45:00,history,Donnée importée via pipeline ETL vectorisé
U356,Titanic Original,5.0,2026-01-15 10:00:00,history,Donnée importée via pipeline ETL vectorisé
U356,Avatar Original,5.0,2026-06-01 00:00:00,history,Donnée importée via pipeline ETL vectorisé
U356,Seven Original,3.6,2026-02-20 21:00:00,history,Donnée importée via pipeline ETL vectorisé
U356,Parasite Original,4.7,2026-03-08 14:15:00,history,Donnée importée via pipeline ETL vectorisé
U356,The Matrix Reloaded,4.0,2026-03-25 20:00:00,history,Donnée importée via pipeline ETL vectorisé
U357,La La Land Original,4.0,2026-01-15 10:00:00,history,Donnée importée via pipeline ETL vectorisé
U357,Titanic Original,3.6,2026-02-03 18:30:00,history,Donnée importée via pipeline ETL vectorisé
U357,La La Land Saga,2.9,2026-02-20 21:00:00,history,Donnée importée via pipeline ETL vectorisé
U357,Seven Reborn,2.8,2026-03-08 14:15:00,history,Donnée importée via pipeline ETL vectorisé
U358,Spirited Away Original,3.8,2026-01-15 10:00:00,history,Donnée importée via pipeline ETL vectorisé
U358,The Dark Knight Original,3.4,2026-02-03 18:30:00,history,Donnée importée via pipeline ETL vectorisé
U358,Toy Story Original,4.3,2026-02-20 21:00:00,history,Donnée importée via pipeline ETL vectorisé
U359,Toy Story Evolution,3.7,2026-01-15 10:00:00,history,Donnée importée via pipeline ETL vectorisé
U359,Gladiator Original,3.6,2026-02-03 18:30:00,history,Donnée importée via pipeline ETL vectorisé
U359,Titanic Original,3.8,2026-02-20 21:00:00,history,Donnée importée via pipeline ETL vectorisé
U359,The Conjuring Original,3.4,2026-06-01 00:00:00,history,Donnée importée via pipeline ETL vectorisé
U359,Pulp Fiction Original,3.7,2026-03-25 20:00:00,history,Donnée importée via pipeline ETL vectorisé
U359,Get Out Original,2.6,2026-04-10 16:45:00,history,Donnée importée via pipeline ETL vectorisé
U360,Superbad Original,3.3,2026-01-15 10:00:00,history,Donnée importée via pipeline ETL vectorisé
U360,The Dark Knight Original,2.5,2026-02-03 18:30:00,history,Donnée importée via pipeline ETL vectorisé
U360,Interstellar Original,2.9,2026-02-20 21:00:00,history,Donnée importée via pipeline ETL vectorisé
U361,Seven Reborn,3.0,2026-01-15 10:00:00,history,Donnée importée via pipeline ETL vectorisé
U361,Gladiator Legacy,2.9,2026-02-03 18:30:00,history,Donnée importée via pipeline ETL vectorisé
U361,Get Out Original,2.5,2026-02-20 21:00:00,history,Donnée importée via pipeline ETL vectorisé
U361,Blade Runner 2049 Original,2.9,2026-03-08 14:15:00,history,Donnée importée via pipeline ETL vectorisé
U361,Avatar Part I,3.0,2026-03-25 20:00:00,history,Donnée importée via pipeline ETL vectorisé
U361,Interstellar Original,2.8,2026-04-10 16:45:00,history,Donnée importée via pipeline ETL vectorisé
U361,The Matrix Reloaded,2.8,2026-05-01 19:30:00,history,Donnée importée via pipeline ETL vectorisé
U362,The Hangover Original,4.7,2026-01-15 10:00:00,history,Donnée importée via pipeline ETL vectorisé
U362,Superbad Original,4.7,2026-02-03 18:30:00,history,Donnée importée via pipeline ETL vectorisé
U362,The Dark Knight Original,3.6,2026-02-20 21:00:00,history,Donnée importée via pipeline ETL vectorisé
U363,Spirited Away Original,2.6,2026-01-15 10:00:00,history,Donnée importée via pipeline ETL vectorisé
U363,Toy Story Original,1.2,2026-02-03 18:30:00,history,Donnée importée via pipeline ETL vectorisé
U363,Avatar Original,3.7,2026-02-20 21:00:00,history,Donnée importée via pipeline ETL vectorisé
U364,Interstellar Original,4.1,2026-01-15 10:00:00,history,Donnée importée via pipeline ETL vectorisé
U364,The Hangover Original,2.2,2026-02-03 18:30:00,history,Donnée importée via pipeline ETL vectorisé
U364,La La Land Original,2.0,2026-02-20 21:00:00,history,Donnée importée via pipeline ETL vectorisé
U364,Superbad Original,2.4,2026-03-08 14:15:00,history,Donnée importée via pipeline ETL vectorisé
U365,Get Out Original,3.7,2026-01-15 10:00:00,history,Donnée importée via pipeline ETL vectorisé
U365,The Conjuring Original,4.5,2026-02-03 18:30:00,history,Donnée importée via pipeline ETL vectorisé
U365,Interstellar Original,4.8,2026-02-20 21:00:00,history,Donnée importée via pipeline ETL vectorisé
U366,Parasite Original,3.9,2026-01-15 10:00:00,history,Donnée importée via pipeline ETL vectorisé
U366,The Hangover Original,2.5,2026-02-03 18:30:00,history,Donnée importée via pipeline ETL vectorisé
U366,Avatar Original,4.5,2026-02-20 21:00:00,history,Donnée importée via pipeline ETL vectorisé
U366,Seven Original,4.0,2026-03-08 14:15:00,history,Donnée importée via pipeline ETL vectorisé
U366,Superbad Original,4.7,2026-03-25 20:00:00,history,Donnée importée via pipeline ETL vectorisé
U366,La La Land Saga,4.4,2026-04-10 16:45:00,history,Donnée importée via pipeline ETL vectorisé
U367,Titanic Original,4.7,2026-01-15 10:00:00,history,Donnée importée via pipeline ETL vectorisé
U367,Parasite Original,3.6,2026-02-03 18:30:00,history,Donnée importée via pipeline ETL vectorisé
U367,The Dark Knight Original,2.7,2026-02-20 21:00:00,history,Donnée importée via pipeline ETL vectorisé
U368,Toy Story Evolution,2.9,2026-01-15 10:00:00,history,Donnée importée via pipeline ETL vectorisé
U368,Toy Story Original,4.0,2026-02-03 18:30:00,history,Donnée importée via pipeline ETL vectorisé
U368,Spirited Away Original,4.5,2026-06-01 00:00:00,history,Donnée importée via pipeline ETL vectorisé
U369,Interstellar Original,1.7,2026-01-15 10:00:00,history,Donnée importée via pipeline ETL vectorisé
U369,Pulp Fiction Original,4.8,2026-02-03 18:30:00,history,Donnée importée via pipeline ETL vectorisé
U369,Parasite Original,4.4,2026-02-20 21:00:00,history,Donnée importée via pipeline ETL vectorisé
U370,Seven Reborn,3.9,2026-01-15 10:00:00,history,Donnée importée via pipeline ETL vectorisé
U370,Parasite Original,3.8,2026-02-03 18:30:00,history,Donnée importée via pipeline ETL vectorisé
U370,The Hangover Original,3.8,2026-02-20 21:00:00,history,Donnée importée via pipeline ETL vectorisé
U370,Superbad Original,2.6,2026-03-08 14:15:00,history,Donnée importée via pipeline ETL vectorisé
U370,Pulp Fiction Original,3.3,2026-03-25 20:00:00,history,Donnée importée via pipeline ETL vectorisé
U370,La La Land Saga,3.3,2026-06-01 00:00:00,history,Donnée importée via pipeline ETL vectorisé
U371,Get Out Original,3.0,2026-01-15 10:00:00,history,Donnée importée via pipeline ETL vectorisé
U371,Gladiator Legacy,3.5,2026-02-03 18:30:00,history,Donnée importée via pipeline ETL vectorisé
U371,Spirited Away Original,2.7,2026-02-20 21:00:00,history,Donnée importée via pipeline ETL vectorisé
U372,Superbad Original,5.0,2026-01-15 10:00:00,history,Donnée importée via pipeline ETL vectorisé
U372,The Hangover Original,4.7,2026-02-03 18:30:00,history,Donnée importée via pipeline ETL vectorisé
U372,Spirited Away Original,3.3,2026-02-20 21:00:00,history,Donnée importée via pipeline ETL vectorisé
U372,Parasite Original,4.5,2026-03-08 14:15:00,history,Donnée importée via pipeline ETL vectorisé
U373,The Matrix Original,4.1,2026-01-15 10:00:00,history,Donnée importée via pipeline ETL vectorisé
U373,The Dark Knight Original,4.0,2026-02-03 18:30:00,history,Donnée importée via pipeline ETL vectorisé
U373,Gladiator Original,4.6,2026-02-20 21:00:00,history,Donnée importée via pipeline ETL vectorisé
U373,Spirited Away Original,2.9,2026-03-08 14:15:00,history,Donnée importée via pipeline ETL vectorisé
U373,Toy Story Original,1.9,2026-03-25 20:00:00,history,Donnée importée via pipeline ETL vectorisé
U373,Titanic Original,2.8,2026-04-10 16:45:00,history,Donnée importée via pipeline ETL vectorisé
U374,Blade Runner 2049 Original,5.0,2026-01-15 10:00:00,history,Donnée importée via pipeline ETL vectorisé
U374,Interstellar Original,4.4,2026-02-20 21:00:00,history,Donnée importée via pipeline ETL vectorisé
U374,Toy Story Evolution,3.8,2026-03-08 14:15:00,history,Donnée importée via pipeline ETL vectorisé
U374,La La Land Saga,3.2,2026-03-25 20:00:00,history,Donnée importée via pipeline ETL vectorisé
U374,The Matrix Original,4.7,2026-04-10 16:45:00,history,Donnée importée via pipeline ETL vectorisé
U374,The Conjuring Original,4.5,2026-05-01 19:30:00,history,Donnée importée via pipeline ETL vectorisé
U375,Titanic Original,3.4,2026-01-15 10:00:00,history,Donnée importée via pipeline ETL vectorisé
U375,Get Out Original,4.2,2026-02-03 18:30:00,history,Donnée importée via pipeline ETL vectorisé
U375,The Conjuring Original,4.7,2026-02-20 21:00:00,history,Donnée importée via pipeline ETL vectorisé
U375,Blade Runner 2049 Original,4.9,2026-03-08 14:15:00,history,Donnée importée via pipeline ETL vectorisé
U375,Interstellar Original,4.1,2026-03-25 20:00:00,history,Donnée importée via pipeline ETL vectorisé
U375,Toy Story Evolution,3.3,2026-04-10 16:45:00,history,Donnée importée via pipeline ETL vectorisé
U375,Avatar Part I,4.1,2026-05-01 19:30:00,history,Donnée importée via pipeline ETL vectorisé
U376,Avatar Original,4.8,2026-01-15 10:00:00,history,Donnée importée via pipeline ETL vectorisé
U376,Seven Original,3.6,2026-02-03 18:30:00,history,Donnée importée via pipeline ETL vectorisé
U376,Parasite Original,4.7,2026-02-20 21:00:00,history,Donnée importée via pipeline ETL vectorisé
U376,Titanic Original,5.0,2026-03-08 14:15:00,history,Donnée importée via pipeline ETL vectorisé
U377,Titanic Original,4.5,2026-01-15 10:00:00,history,Donnée importée via pipeline ETL vectorisé
U377,La La Land Original,4.1,2026-02-03 18:30:00,history,Donnée importée via pipeline ETL vectorisé
U377,The Matrix Original,1.0,2026-02-20 21:00:00,history,Donnée importée via pipeline ETL vectorisé
U377,The Hangover Original,4.8,2026-03-08 14:15:00,history,Donnée importée via pipeline ETL vectorisé
U377,The Dark Knight Original,4.6,2026-03-25 20:00:00,history,Donnée importée via pipeline ETL vectorisé
U377,Blade Runner 2049 Original,4.2,2026-04-10 16:45:00,history,Donnée importée via pipeline ETL vectorisé
U377,Get Out Original,4.8,2026-05-01 19:30:00,history,Donnée importée via pipeline ETL vectorisé
U378,Spirited Away Original,3.8,2026-01-15 10:00:00,history,Donnée importée via pipeline ETL vectorisé
U378,Toy Story Original,4.3,2026-02-03 18:30:00,history,Donnée importée via pipeline ETL vectorisé
U378,Avatar Part I,4.4,2026-02-20 21:00:00,history,Donnée importée via pipeline ETL vectorisé
U378,The Hangover Original,4.1,2026-03-08 14:15:00,history,Donnée importée via pipeline ETL vectorisé
U379,Titanic Original,4.6,2026-01-15 10:00:00,history,Donnée importée via pipeline ETL vectorisé
U379,Parasite Original,3.8,2026-02-03 18:30:00,history,Donnée importée via pipeline ETL vectorisé
U379,Pulp Fiction Original,3.7,2026-02-20 21:00:00,history,Donnée importée via pipeline ETL vectorisé
U380,Get Out Original,3.3,2026-01-15 10:00:00,history,Donnée importée via pipeline ETL vectorisé
U380,La La Land Saga,3.3,2026-02-03 18:30:00,history,Donnée importée via pipeline ETL vectorisé
U380,Gladiator Legacy,2.6,2026-02-20 21:00:00,history,Donnée importée via pipeline ETL vectorisé
U380,The Conjuring Original,3.6,2026-03-08 14:15:00,history,Donnée importée via pipeline ETL vectorisé
U380,Blade Runner 2049 Original,2.7,2026-03-25 20:00:00,history,Donnée importée via pipeline ETL vectorisé
U380,The Matrix Reloaded,3.3,2026-04-10 16:45:00,history,Donnée importée via pipeline ETL vectorisé
U381,Get Out Original,5.0,2026-01-15 10:00:00,history,Donnée importée via pipeline ETL vectorisé
U381,The Matrix Reloaded,3.8,2026-02-03 18:30:00,history,Donnée importée via pipeline ETL vectorisé
U381,Avatar Part I,2.6,2026-02-20 21:00:00,history,Donnée importée via pipeline ETL vectorisé
U381,Interstellar Original,3.7,2026-06-01 00:00:00,history,Donnée importée via pipeline ETL vectorisé
U381,La La Land Saga,2.8,2026-04-10 16:45:00,history,Donnée importée via pipeline ETL vectorisé
U381,Titanic Original,3.9,2026-05-01 19:30:00,history,Donnée importée via pipeline ETL vectorisé
U382,Superbad Original,4.5,2026-01-15 10:00:00,history,Donnée importée via pipeline ETL vectorisé
U382,The Hangover Original,3.5,2026-02-03 18:30:00,history,Donnée importée via pipeline ETL vectorisé
U382,Parasite Original,2.7,2026-02-20 21:00:00,history,Donnée importée via pipeline ETL vectorisé
U383,The Dark Knight Original,4.4,2026-01-15 10:00:00,history,Donnée importée via pipeline ETL vectorisé
U383,Get Out Original,3.4,2026-02-03 18:30:00,history,Donnée importée via pipeline ETL vectorisé
U383,The Matrix Original,4.7,2026-02-20 21:00:00,history,Donnée importée via pipeline ETL vectorisé
U383,Gladiator Original,4.1,2026-03-08 14:15:00,history,Donnée importée via pipeline ETL vectorisé
U383,Titanic Original,2.8,2026-04-10 16:45:00,history,Donnée importée via pipeline ETL vectorisé
U384,Interstellar Original,3.0,2026-01-15 10:00:00,history,Donnée importée via pipeline ETL vectorisé
U384,The Matrix Reloaded,3.9,2026-02-03 18:30:00,history,Donnée importée via pipeline ETL vectorisé
U384,The Matrix Original,4.0,2026-02-20 21:00:00,history,Donnée importée via pipeline ETL vectorisé
U384,Blade Runner 2049 Original,4.3,2026-03-08 14:15:00,history,Donnée importée via pipeline ETL vectorisé
U384,La La Land Saga,3.1,2026-03-25 20:00:00,history,Donnée importée via pipeline ETL vectorisé
U385,Get Out Original,3.6,2026-02-03 18:30:00,history,Donnée importée via pipeline ETL vectorisé
U385,The Conjuring Original,4.1,2026-02-20 21:00:00,history,Donnée importée via pipeline ETL vectorisé
U386,Parasite Original,3.7,2026-01-15 10:00:00,history,Donnée importée via pipeline ETL vectorisé
U386,Seven Original,3.9,2026-02-03 18:30:00,history,Donnée importée via pipeline ETL vectorisé
U386,Avatar Original,4.6,2026-02-20 21:00:00,history,Donnée importée via pipeline ETL vectorisé
U386,Blade Runner 2049 Original,3.7,2026-03-08 14:15:00,history,Donnée importée via pipeline ETL vectorisé
U386,The Hangover Original,5.0,2026-03-25 20:00:00,history,Donnée importée via pipeline ETL vectorisé
U387,The Dark Knight Original,2.0,2026-01-15 10:00:00,history,Donnée importée via pipeline ETL vectorisé
U387,Pulp Fiction Original,3.5,2026-02-03 18:30:00,history,Donnée importée via pipeline ETL vectorisé
U387,La La Land Original,4.5,2026-02-20 21:00:00,history,Donnée importée via pipeline ETL vectorisé
U388,La La Land Saga,2.6,2026-06-01 00:00:00,history,Donnée importée via pipeline ETL vectorisé
U388,Toy Story Evolution,5.0,2026-06-01 00:00:00,history,Donnée importée via pipeline ETL vectorisé
U388,Spirited Away Original,4.6,2026-02-20 21:00:00,history,Donnée importée via pipeline ETL vectorisé
U389,The Matrix Reloaded,3.4,2026-01-15 10:00:00,history,Donnée importée via pipeline ETL vectorisé
U389,Blade Runner 2049 Original,3.2,2026-02-03 18:30:00,history,Donnée importée via pipeline ETL vectorisé
U389,Parasite Original,4.5,2026-02-20 21:00:00,history,Donnée importée via pipeline ETL vectorisé
U390,Parasite Original,2.7,2026-01-15 10:00:00,history,Donnée importée via pipeline ETL vectorisé
U390,Get Out Original,3.0,2026-02-03 18:30:00,history,Donnée importée via pipeline ETL vectorisé
U390,Superbad Original,3.4,2026-02-20 21:00:00,history,Donnée importée via pipeline ETL vectorisé
U391,Blade Runner 2049 Original,2.8,2026-01-15 10:00:00,history,Donnée importée via pipeline ETL vectorisé
U391,Pulp Fiction Original,3.0,2026-02-03 18:30:00,history,Donnée importée via pipeline ETL vectorisé
U391,Gladiator Legacy,2.5,2026-02-20 21:00:00,history,Donnée importée via pipeline ETL vectorisé
U391,The Hangover Original,3.8,2026-03-08 14:15:00,history,Donnée importée via pipeline ETL vectorisé
U391,The Conjuring Original,3.6,2026-03-25 20:00:00,history,Donnée importée via pipeline ETL vectorisé
U391,The Matrix Reloaded,2.9,2026-04-10 16:45:00,history,Donnée importée via pipeline ETL vectorisé
U391,Toy Story Evolution,3.8,2026-05-01 19:30:00,history,Donnée importée via pipeline ETL vectorisé
U392,The Dark Knight Original,2.7,2026-06-01 00:00:00,history,Donnée importée via pipeline ETL vectorisé
U392,Titanic Original,2.6,2026-02-03 18:30:00,history,Donnée importée via pipeline ETL vectorisé
U392,The Hangover Original,3.5,2026-02-20 21:00:00,history,Donnée importée via pipeline ETL vectorisé
U393,Gladiator Original,3.9,2026-01-15 10:00:00,history,Donnée importée via pipeline ETL vectorisé
U393,Avatar Original,3.6,2026-02-03 18:30:00,history,Donnée importée via pipeline ETL vectorisé
U393,The Dark Knight Original,3.6,2026-02-20 21:00:00,history,Donnée importée via pipeline ETL vectorisé
U393,The Hangover Original,2.7,2026-03-08 14:15:00,history,Donnée importée via pipeline ETL vectorisé
U393,The Matrix Original,4.8,2026-03-25 20:00:00,history,Donnée importée via pipeline ETL vectorisé
U394,The Conjuring Original,3.6,2026-01-15 10:00:00,history,Donnée importée via pipeline ETL vectorisé
U394,The Hangover Original,5.0,2026-02-03 18:30:00,history,Donnée importée via pipeline ETL vectorisé
U394,Parasite Original,3.4,2026-02-20 21:00:00,history,Donnée importée via pipeline ETL vectorisé
U394,The Matrix Original,3.8,2026-03-08 14:15:00,history,Donnée importée via pipeline ETL vectorisé
U394,Avatar Part I,3.7,2026-03-25 20:00:00,history,Donnée importée via pipeline ETL vectorisé
U395,La La Land Saga,3.0,2026-01-15 10:00:00,history,Donnée importée via pipeline ETL vectorisé
U395,Toy Story Evolution,3.6,2026-02-03 18:30:00,history,Donnée importée via pipeline ETL vectorisé
U395,The Conjuring Original,3.5,2026-02-20 21:00:00,history,Donnée importée via pipeline ETL vectorisé
U395,Seven Reborn,3.1,2026-03-08 14:15:00,history,Donnée importée via pipeline ETL vectorisé
U395,Get Out Original,4.8,2026-04-10 16:45:00,history,Donnée importée via pipeline ETL vectorisé
U396,Gladiator Legacy,2.6,2026-01-15 10:00:00,history,Donnée importée via pipeline ETL vectorisé
U396,Spirited Away Original,1.3,2026-02-03 18:30:00,history,Donnée importée via pipeline ETL vectorisé
U396,Parasite Original,4.2,2026-02-20 21:00:00,history,Donnée importée via pipeline ETL vectorisé
U396,Seven Original,3.9,2026-03-08 14:15:00,history,Donnée importée via pipeline ETL vectorisé
U397,La La Land Original,4.1,2026-06-01 00:00:00,history,Donnée importée via pipeline ETL vectorisé
U397,Pulp Fiction Original,3.3,2026-02-03 18:30:00,history,Donnée importée via pipeline ETL vectorisé
U397,Titanic Original,5.0,2026-02-20 21:00:00,history,Donnée importée via pipeline ETL vectorisé
U397,Seven Reborn,2.6,2026-03-08 14:15:00,history,Donnée importée via pipeline ETL vectorisé
U397,Interstellar Original,2.7,2026-03-25 20:00:00,history,Donnée importée via pipeline ETL vectorisé
U398,Spirited Away Original,3.6,2026-01-15 10:00:00,history,Donnée importée via pipeline ETL vectorisé
U398,The Conjuring Original,2.1,2026-02-03 18:30:00,history,Donnée importée via pipeline ETL vectorisé
U398,Blade Runner 2049 Original,2.6,2026-02-20 21:00:00,history,Donnée importée via pipeline ETL vectorisé
U398,Parasite Original,3.5,2026-03-08 14:15:00,history,Donnée importée via pipeline ETL vectorisé
U398,Toy Story Original,3.9,2026-03-25 20:00:00,history,Donnée importée via pipeline ETL vectorisé
U398,Avatar Part I,4.2,2026-04-10 16:45:00,history,Donnée importée via pipeline ETL vectorisé
U398,Toy Story Evolution,3.9,2026-05-01 19:30:00,history,Donnée importée via pipeline ETL vectorisé
U399,Gladiator Original,4.8,2026-01-15 10:00:00,history,Donnée importée via pipeline ETL vectorisé
U399,Parasite Original,5.0,2026-02-03 18:30:00,history,Donnée importée via pipeline ETL vectorisé
U399,Pulp Fiction Original,3.2,2026-02-20 21:00:00,history,Donnée importée via pipeline ETL vectorisé
U399,Titanic Original,4.3,2026-03-08 14:15:00,history,Donnée importée via pipeline ETL vectorisé
U399,Gladiator Legacy,4.0,2026-03-25 20:00:00,history,Donnée importée via pipeline ETL vectorisé
U400,The Dark Knight Original,3.0,2026-06-01 00:00:00,history,Donnée importée via pipeline ETL vectorisé
U400,The Matrix Reloaded,3.6,2026-02-03 18:30:00,history,Donnée importée via pipeline ETL vectorisé
U400,La La Land Saga,3.3,2026-02-20 21:00:00,history,Donnée importée via pipeline ETL vectorisé
U400,Titanic Original,3.8,2026-03-08 14:15:00,history,Donnée importée via pipeline ETL vectorisé
U400,Avatar Part I,3.5,2026-03-25 20:00:00,history,Donnée importée via pipeline ETL vectorisé
U401,The Matrix Reloaded,3.1,2026-01-15 10:00:00,history,Donnée importée via pipeline ETL vectorisé
U401,Superbad Original,3.5,2026-02-03 18:30:00,history,Donnée importée via pipeline ETL vectorisé
U401,Parasite Original,2.6,2026-03-08 14:15:00,history,Donnée importée via pipeline ETL vectorisé
U402,Get Out Original,1.9,2026-01-15 10:00:00,history,Donnée importée via pipeline ETL vectorisé
U402,The Hangover Original,4.3,2026-02-03 18:30:00,history,Donnée importée via pipeline ETL vectorisé
U402,Gladiator Legacy,2.9,2026-06-01 00:00:00,history,Donnée importée via pipeline ETL vectorisé
U403,La La Land Original,1.9,2026-01-15 10:00:00,history,Donnée importée via pipeline ETL vectorisé
U403,The Dark Knight Original,4.7,2026-02-20 21:00:00,history,Donnée importée via pipeline ETL vectorisé
U403,Avatar Original,5.0,2026-03-08 14:15:00,history,Donnée importée via pipeline ETL vectorisé
U403,Avatar Part I,3.6,2026-03-25 20:00:00,history,Donnée importée via pipeline ETL vectorisé
U403,Gladiator Original,3.5,2026-04-10 16:45:00,history,Donnée importée via pipeline ETL vectorisé
U404,Superbad Original,2.0,2026-01-15 10:00:00,history,Donnée importée via pipeline ETL vectorisé
U404,Interstellar Original,4.4,2026-02-03 18:30:00,history,Donnée importée via pipeline ETL vectorisé
U404,Blade Runner 2049 Original,4.4,2026-03-08 14:15:00,history,Donnée importée via pipeline ETL vectorisé
U404,Get Out Original,2.7,2026-03-25 20:00:00,history,Donnée importée via pipeline ETL vectorisé
U404,The Hangover Original,1.3,2026-04-10 16:45:00,history,Donnée importée via pipeline ETL vectorisé
U404,Avatar Part I,3.4,2026-05-01 19:30:00,history,Donnée importée via pipeline ETL vectorisé
U405,The Conjuring Original,3.6,2026-01-15 10:00:00,history,Donnée importée via pipeline ETL vectorisé
U405,Get Out Original,4.1,2026-02-03 18:30:00,history,Donnée importée via pipeline ETL vectorisé
U405,Superbad Original,4.0,2026-02-20 21:00:00,history,Donnée importée via pipeline ETL vectorisé
U405,Spirited Away Original,4.7,2026-03-08 14:15:00,history,Donnée importée via pipeline ETL vectorisé
U405,Blade Runner 2049 Original,4.4,2026-03-25 20:00:00,history,Donnée importée via pipeline ETL vectorisé
U406,Parasite Original,5.0,2026-01-15 10:00:00,history,Donnée importée via pipeline ETL vectorisé
U406,Seven Original,4.3,2026-02-03 18:30:00,history,Donnée importée via pipeline ETL vectorisé
U406,Toy Story Original,2.4,2026-02-20 21:00:00,history,Donnée importée via pipeline ETL vectorisé
U406,Avatar Original,4.9,2026-03-08 14:15:00,history,Donnée importée via pipeline ETL vectorisé
U406,The Hangover Original,2.6,2026-03-25 20:00:00,history,Donnée importée via pipeline ETL vectorisé
U406,Get Out Original,5.0,2026-04-10 16:45:00,history,Donnée importée via pipeline ETL vectorisé
U407,The Conjuring Original,2.3,2026-01-15 10:00:00,history,Donnée importée via pipeline ETL vectorisé
U407,La La Land Original,4.4,2026-06-01 00:00:00,history,Donnée importée via pipeline ETL vectorisé
U407,Titanic Original,4.1,2026-02-20 21:00:00,history,Donnée importée via pipeline ETL vectorisé
U408,Seven Reborn,3.5,2026-01-15 10:00:00,history,Donnée importée via pipeline ETL vectorisé
U408,Spirited Away Original,4.8,2026-02-03 18:30:00,history,Donnée importée via pipeline ETL vectorisé
U408,Toy Story Original,3.9,2026-02-20 21:00:00,history,Donnée importée via pipeline ETL vectorisé
U408,Get Out Original,1.6,2026-03-08 14:15:00,history,Donnée importée via pipeline ETL vectorisé
U408,Parasite Original,1.9,2026-03-25 20:00:00,history,Donnée importée via pipeline ETL vectorisé
U409,Gladiator Original,4.2,2026-01-15 10:00:00,history,Donnée importée via pipeline ETL vectorisé
U409,Gladiator Legacy,5.0,2026-02-03 18:30:00,history,Donnée importée via pipeline ETL vectorisé
U409,La La Land Saga,2.7,2026-02-20 21:00:00,history,Donnée importée via pipeline ETL vectorisé
U409,Parasite Original,4.6,2026-03-08 14:15:00,history,Donnée importée via pipeline ETL vectorisé
U410,Seven Reborn,5.0,2026-01-15 10:00:00,history,Donnée importée via pipeline ETL vectorisé
U410,The Hangover Original,3.4,2026-02-03 18:30:00,history,Donnée importée via pipeline ETL vectorisé
U410,Toy Story Evolution,3.5,2026-02-20 21:00:00,history,Donnée importée via pipeline ETL vectorisé
U410,Blade Runner 2049 Original,2.6,2026-03-08 14:15:00,history,Donnée importée via pipeline ETL vectorisé
U410,Get Out Original,3.2,2026-03-25 20:00:00,history,Donnée importée via pipeline ETL vectorisé
U410,Spirited Away Original,3.5,2026-04-10 16:45:00,history,Donnée importée via pipeline ETL vectorisé
U411,Blade Runner 2049 Original,3.1,2026-01-15 10:00:00,history,Donnée importée via pipeline ETL vectorisé
U411,The Matrix Reloaded,3.4,2026-02-03 18:30:00,history,Donnée importée via pipeline ETL vectorisé
U411,Superbad Original,3.5,2026-02-20 21:00:00,history,Donnée importée via pipeline ETL vectorisé
U411,Avatar Part I,3.9,2026-03-08 14:15:00,history,Donnée importée via pipeline ETL vectorisé
U411,Parasite Original,3.4,2026-06-01 00:00:00,history,Donnée importée via pipeline ETL vectorisé
U412,The Hangover Original,4.2,2026-01-15 10:00:00,history,Donnée importée via pipeline ETL vectorisé
U412,Superbad Original,3.5,2026-02-03 18:30:00,history,Donnée importée via pipeline ETL vectorisé
U412,Avatar Part I,3.6,2026-02-20 21:00:00,history,Donnée importée via pipeline ETL vectorisé
U413,Toy Story Evolution,2.8,2026-01-15 10:00:00,history,Donnée importée via pipeline ETL vectorisé
U413,Gladiator Original,4.1,2026-02-03 18:30:00,history,Donnée importée via pipeline ETL vectorisé
U413,Spirited Away Original,3.0,2026-06-01 00:00:00,history,Donnée importée via pipeline ETL vectorisé
U413,Avatar Original,3.8,2026-03-08 14:15:00,history,Donnée importée via pipeline ETL vectorisé
U413,The Dark Knight Original,3.3,2026-03-25 20:00:00,history,Donnée importée via pipeline ETL vectorisé
U413,Titanic Original,3.0,2026-04-10 16:45:00,history,Donnée importée via pipeline ETL vectorisé
U413,The Hangover Original,2.9,2026-05-01 19:30:00,history,Donnée importée via pipeline ETL vectorisé
U414,The Matrix Original,3.6,2026-01-15 10:00:00,history,Donnée importée via pipeline ETL vectorisé
U414,Blade Runner 2049 Original,4.3,2026-02-03 18:30:00,history,Donnée importée via pipeline ETL vectorisé
U414,Titanic Original,2.6,2026-02-20 21:00:00,history,Donnée importée via pipeline ETL vectorisé
U414,Interstellar Original,4.0,2026-03-08 14:15:00,history,Donnée importée via pipeline ETL vectorisé
U415,The Conjuring Original,3.3,2026-01-15 10:00:00,history,Donnée importée via pipeline ETL vectorisé
U415,Spirited Away Original,2.6,2026-02-03 18:30:00,history,Donnée importée via pipeline ETL vectorisé
U415,Get Out Original,4.1,2026-02-20 21:00:00,history,Donnée importée via pipeline ETL vectorisé
U415,La La Land Saga,4.2,2026-03-08 14:15:00,history,Donnée importée via pipeline ETL vectorisé
U415,The Hangover Original,3.9,2026-03-25 20:00:00,history,Donnée importée via pipeline ETL vectorisé
U415,Avatar Part I,4.2,2026-04-10 16:45:00,history,Donnée importée via pipeline ETL vectorisé
U415,Titanic Original,1.0,2026-05-01 19:30:00,history,Donnée importée via pipeline ETL vectorisé
U416,Superbad Original,1.8,2026-01-15 10:00:00,history,Donnée importée via pipeline ETL vectorisé
U416,Avatar Original,4.5,2026-02-03 18:30:00,history,Donnée importée via pipeline ETL vectorisé
U416,Parasite Original,4.1,2026-02-20 21:00:00,history,Donnée importée via pipeline ETL vectorisé
U417,La La Land Saga,3.5,2026-01-15 10:00:00,history,Donnée importée via pipeline ETL vectorisé
U417,La La Land Original,4.8,2026-02-03 18:30:00,history,Donnée importée via pipeline ETL vectorisé
U417,Superbad Original,5.0,2026-02-20 21:00:00,history,Donnée importée via pipeline ETL vectorisé
U417,Titanic Original,3.6,2026-03-08 14:15:00,history,Donnée importée via pipeline ETL vectorisé
U418,Interstellar Original,3.5,2026-01-15 10:00:00,history,Donnée importée via pipeline ETL vectorisé
U418,Spirited Away Original,3.6,2026-02-03 18:30:00,history,Donnée importée via pipeline ETL vectorisé
U418,Toy Story Original,3.9,2026-02-20 21:00:00,history,Donnée importée via pipeline ETL vectorisé
U419,Interstellar Original,3.6,2026-01-15 10:00:00,history,Donnée importée via pipeline ETL vectorisé
U419,The Matrix Original,1.3,2026-02-03 18:30:00,history,Donnée importée via pipeline ETL vectorisé
U419,Toy Story Evolution,3.5,2026-02-20 21:00:00,history,Donnée importée via pipeline ETL vectorisé
U419,Titanic Original,4.4,2026-03-08 14:15:00,history,Donnée importée via pipeline ETL vectorisé
U419,Avatar Part I,3.1,2026-03-25 20:00:00,history,Donnée importée via pipeline ETL vectorisé
U419,Parasite Original,3.6,2026-04-10 16:45:00,history,Donnée importée via pipeline ETL vectorisé
U420,La La Land Saga,3.1,2026-01-15 10:00:00,history,Donnée importée via pipeline ETL vectorisé
U420,Parasite Original,3.2,2026-02-03 18:30:00,history,Donnée importée via pipeline ETL vectorisé
U420,Titanic Original,3.8,2026-02-20 21:00:00,history,Donnée importée via pipeline ETL vectorisé
U420,Gladiator Legacy,2.7,2026-03-08 14:15:00,history,Donnée importée via pipeline ETL vectorisé
U420,The Dark Knight Original,3.2,2026-03-25 20:00:00,history,Donnée importée via pipeline ETL vectorisé
U420,The Hangover Original,3.7,2026-04-10 16:45:00,history,Donnée importée via pipeline ETL vectorisé
U421,Toy Story Evolution,2.7,2026-06-01 00:00:00,history,Donnée importée via pipeline ETL vectorisé
U421,The Matrix Reloaded,2.6,2026-02-20 21:00:00,history,Donnée importée via pipeline ETL vectorisé
U421,The Conjuring Original,2.5,2026-03-08 14:15:00,history,Donnée importée via pipeline ETL vectorisé
U421,Avatar Part I,2.7,2026-03-25 20:00:00,history,Donnée importée via pipeline ETL vectorisé
U422,Parasite Original,1.6,2026-01-15 10:00:00,history,Donnée importée via pipeline ETL vectorisé
U422,The Hangover Original,3.7,2026-02-03 18:30:00,history,Donnée importée via pipeline ETL vectorisé
U422,Titanic Original,3.3,2026-02-20 21:00:00,history,Donnée importée via pipeline ETL vectorisé
U422,Superbad Original,4.2,2026-03-08 14:15:00,history,Donnée importée via pipeline ETL vectorisé
U422,Pulp Fiction Original,4.5,2026-03-25 20:00:00,history,Donnée importée via pipeline ETL vectorisé
U423,Parasite Original,2.9,2026-01-15 10:00:00,history,Donnée importée via pipeline ETL vectorisé
U423,The Matrix Original,4.3,2026-02-03 18:30:00,history,Donnée importée via pipeline ETL vectorisé
U423,Gladiator Original,4.4,2026-02-20 21:00:00,history,Donnée importée via pipeline ETL vectorisé
U423,Titanic Original,3.3,2026-03-08 14:15:00,history,Donnée importée via pipeline ETL vectorisé
U423,The Dark Knight Original,4.4,2026-03-25 20:00:00,history,Donnée importée via pipeline ETL vectorisé
U424,Interstellar Original,4.3,2026-01-15 10:00:00,history,Donnée importée via pipeline ETL vectorisé
U424,The Hangover Original,1.2,2026-02-03 18:30:00,history,Donnée importée via pipeline ETL vectorisé
U424,Seven Reborn,3.1,2026-02-20 21:00:00,history,Donnée importée via pipeline ETL vectorisé
U425,Toy Story Evolution,3.6,2026-01-15 10:00:00,history,Donnée importée via pipeline ETL vectorisé
U425,Get Out Original,4.0,2026-02-03 18:30:00,history,Donnée importée via pipeline ETL vectorisé
U425,The Conjuring Original,3.7,2026-02-20 21:00:00,history,Donnée importée via pipeline ETL vectorisé
U425,Superbad Original,4.4,2026-03-08 14:15:00,history,Donnée importée via pipeline ETL vectorisé
U425,Seven Reborn,4.5,2026-03-25 20:00:00,history,Donnée importée via pipeline ETL vectorisé
U425,The Dark Knight Original,4.6,2026-04-10 16:45:00,history,Donnée importée via pipeline ETL vectorisé
U425,Gladiator Legacy,3.6,2026-06-01 00:00:00,history,Donnée importée via pipeline ETL vectorisé
U426,The Hangover Original,2.7,2026-01-15 10:00:00,history,Donnée importée via pipeline ETL vectorisé
U426,Toy Story Original,2.9,2026-06-01 00:00:00,history,Donnée importée via pipeline ETL vectorisé
U426,Interstellar Original,3.5,2026-02-20 21:00:00,history,Donnée importée via pipeline ETL vectorisé
U426,Parasite Original,4.3,2026-03-08 14:15:00,history,Donnée importée via pipeline ETL vectorisé
U426,Avatar Original,4.2,2026-06-01 00:00:00,history,Donnée importée via pipeline ETL vectorisé
U426,Seven Original,4.6,2026-04-10 16:45:00,history,Donnée importée via pipeline ETL vectorisé
U426,Toy Story Evolution,4.1,2026-05-01 19:30:00,history,Donnée importée via pipeline ETL vectorisé
U427,Titanic Original,5.0,2026-01-15 10:00:00,history,Donnée importée via pipeline ETL vectorisé
U427,La La Land Original,4.7,2026-02-03 18:30:00,history,Donnée importée via pipeline ETL vectorisé
U427,The Hangover Original,4.7,2026-02-20 21:00:00,history,Donnée importée via pipeline ETL vectorisé
U427,The Conjuring Original,2.4,2026-03-08 14:15:00,history,Donnée importée via pipeline ETL vectorisé
U427,Interstellar Original,2.8,2026-03-25 20:00:00,history,Donnée importée via pipeline ETL vectorisé
U427,The Dark Knight Original,4.8,2026-04-10 16:45:00,history,Donnée importée via pipeline ETL vectorisé
U427,Superbad Original,3.7,2026-05-01 19:30:00,history,Donnée importée via pipeline ETL vectorisé
U428,Spirited Away Original,4.2,2026-01-15 10:00:00,history,Donnée importée via pipeline ETL vectorisé
U428,Avatar Part I,3.0,2026-02-03 18:30:00,history,Donnée importée via pipeline ETL vectorisé
U428,Toy Story Original,4.1,2026-02-20 21:00:00,history,Donnée importée via pipeline ETL vectorisé
U428,Gladiator Legacy,2.8,2026-03-08 14:15:00,history,Donnée importée via pipeline ETL vectorisé
U429,Pulp Fiction Original,4.4,2026-01-15 10:00:00,history,Donnée importée via pipeline ETL vectorisé
U429,The Matrix Original,1.9,2026-02-03 18:30:00,history,Donnée importée via pipeline ETL vectorisé
U429,Parasite Original,4.1,2026-02-20 21:00:00,history,Donnée importée via pipeline ETL vectorisé
U429,Interstellar Original,2.5,2026-03-08 14:15:00,history,Donnée importée via pipeline ETL vectorisé
U429,Spirited Away Original,3.0,2026-06-01 00:00:00,history,Donnée importée via pipeline ETL vectorisé
U430,La La Land Saga,2.7,2026-01-15 10:00:00,history,Donnée importée via pipeline ETL vectorisé
U430,Avatar Part I,2.6,2026-02-03 18:30:00,history,Donnée importée via pipeline ETL vectorisé
U430,Superbad Original,3.0,2026-02-20 21:00:00,history,Donnée importée via pipeline ETL vectorisé
U430,Titanic Original,2.9,2026-03-08 14:15:00,history,Donnée importée via pipeline ETL vectorisé
U430,Blade Runner 2049 Original,3.1,2026-03-25 20:00:00,history,Donnée importée via pipeline ETL vectorisé
U431,Parasite Original,3.5,2026-01-15 10:00:00,history,Donnée importée via pipeline ETL vectorisé
U431,Superbad Original,2.7,2026-02-03 18:30:00,history,Donnée importée via pipeline ETL vectorisé
U431,Spirited Away Original,3.9,2026-02-20 21:00:00,history,Donnée importée via pipeline ETL vectorisé
U431,Avatar Part I,2.6,2026-03-08 14:15:00,history,Donnée importée via pipeline ETL vectorisé
U431,Seven Reborn,3.6,2026-03-25 20:00:00,history,Donnée importée via pipeline ETL vectorisé
U431,Toy Story Evolution,3.2,2026-04-10 16:45:00,history,Donnée importée via pipeline ETL vectorisé
U431,The Conjuring Original,3.3,2026-05-01 19:30:00,history,Donnée importée via pipeline ETL vectorisé
U432,Superbad Original,4.8,2026-01-15 10:00:00,history,Donnée importée via pipeline ETL vectorisé
U432,The Hangover Original,3.5,2026-02-03 18:30:00,history,Donnée importée via pipeline ETL vectorisé
U432,Get Out Original,4.7,2026-02-20 21:00:00,history,Donnée importée via pipeline ETL vectorisé
U433,Avatar Original,4.9,2026-01-15 10:00:00,history,Donnée importée via pipeline ETL vectorisé
U433,Toy Story Evolution,3.7,2026-02-03 18:30:00,history,Donnée importée via pipeline ETL vectorisé
U433,Toy Story Original,2.0,2026-02-20 21:00:00,history,Donnée importée via pipeline ETL vectorisé
U433,Gladiator Original,3.9,2026-03-08 14:15:00,history,Donnée importée via pipeline ETL vectorisé
U433,The Matrix Original,4.8,2026-03-25 20:00:00,history,Donnée importée via pipeline ETL vectorisé
U433,The Dark Knight Original,4.6,2026-04-10 16:45:00,history,Donnée importée via pipeline ETL vectorisé
U434,Blade Runner 2049 Original,4.7,2026-02-03 18:30:00,history,Donnée importée via pipeline ETL vectorisé
U434,The Matrix Original,4.6,2026-02-20 21:00:00,history,Donnée importée via pipeline ETL vectorisé
U434,The Conjuring Original,3.4,2026-03-08 14:15:00,history,Donnée importée via pipeline ETL vectorisé
U434,Interstellar Original,4.2,2026-03-25 20:00:00,history,Donnée importée via pipeline ETL vectorisé
U434,Gladiator Legacy,4.7,2026-04-10 16:45:00,history,Donnée importée via pipeline ETL vectorisé
U434,Parasite Original,3.8,2026-05-01 19:30:00,history,Donnée importée via pipeline ETL vectorisé
U435,Get Out Original,4.1,2026-01-15 10:00:00,history,Donnée importée via pipeline ETL vectorisé
U435,Pulp Fiction Original,3.2,2026-02-03 18:30:00,history,Donnée importée via pipeline ETL vectorisé
U435,The Conjuring Original,4.3,2026-02-20 21:00:00,history,Donnée importée via pipeline ETL vectorisé
U435,Titanic Original,1.4,2026-03-08 14:15:00,history,Donnée importée via pipeline ETL vectorisé
U436,The Hangover Original,1.4,2026-01-15 10:00:00,history,Donnée importée via pipeline ETL vectorisé
U436,Superbad Original,2.7,2026-02-03 18:30:00,history,Donnée importée via pipeline ETL vectorisé
U436,Seven Original,4.1,2026-02-20 21:00:00,history,Donnée importée via pipeline ETL vectorisé
U436,Avatar Original,5.0,2026-03-08 14:15:00,history,Donnée importée via pipeline ETL vectorisé
U436,Toy Story Original,1.3,2026-03-25 20:00:00,history,Donnée importée via pipeline ETL vectorisé
U436,Parasite Original,4.0,2026-04-10 16:45:00,history,Donnée importée via pipeline ETL vectorisé
U436,Spirited Away Original,2.0,2026-05-01 19:30:00,history,Donnée importée via pipeline ETL vectorisé
U437,Gladiator Legacy,3.2,2026-01-15 10:00:00,history,Donnée importée via pipeline ETL vectorisé
U437,La La Land Original,4.3,2026-02-03 18:30:00,history,Donnée importée via pipeline ETL vectorisé
U437,Titanic Original,4.4,2026-02-20 21:00:00,history,Donnée importée via pipeline ETL vectorisé
U437,Interstellar Original,4.0,2026-03-08 14:15:00,history,Donnée importée via pipeline ETL vectorisé
U438,Spirited Away Original,4.2,2026-01-15 10:00:00,history,Donnée importée via pipeline ETL vectorisé
U438,Toy Story Original,4.1,2026-02-03 18:30:00,history,Donnée importée via pipeline ETL vectorisé
U438,Gladiator Legacy,3.8,2026-02-20 21:00:00,history,Donnée importée via pipeline ETL vectorisé
U438,Toy Story Evolution,4.3,2026-03-25 20:00:00,history,Donnée importée via pipeline ETL vectorisé
U438,Pulp Fiction Original,3.6,2026-04-10 16:45:00,history,Donnée importée via pipeline ETL vectorisé
U438,Interstellar Original,4.5,2026-05-01 19:30:00,history,Donnée importée via pipeline ETL vectorisé
U439,Blade Runner 2049 Original,2.4,2026-02-03 18:30:00,history,Donnée importée via pipeline ETL vectorisé
U439,Toy Story Evolution,3.2,2026-02-20 21:00:00,history,Donnée importée via pipeline ETL vectorisé
U440,Get Out Original,3.7,2026-01-15 10:00:00,history,Donnée importée via pipeline ETL vectorisé
U440,Pulp Fiction Original,3.3,2026-02-03 18:30:00,history,Donnée importée via pipeline ETL vectorisé
U440,Titanic Original,2.5,2026-02-20 21:00:00,history,Donnée importée via pipeline ETL vectorisé
U440,Toy Story Evolution,3.0,2026-03-08 14:15:00,history,Donnée importée via pipeline ETL vectorisé
U440,La La Land Saga,2.7,2026-03-25 20:00:00,history,Donnée importée via pipeline ETL vectorisé
U441,Toy Story Evolution,2.6,2026-01-15 10:00:00,history,Donnée importée via pipeline ETL vectorisé
U441,Avatar Part I,2.5,2026-02-03 18:30:00,history,Donnée importée via pipeline ETL vectorisé
U441,Get Out Original,3.0,2026-02-20 21:00:00,history,Donnée importée via pipeline ETL vectorisé
U441,The Conjuring Original,5.0,2026-03-08 14:15:00,history,Donnée importée via pipeline ETL vectorisé
U442,Gladiator Legacy,3.8,2026-01-15 10:00:00,history,Donnée importée via pipeline ETL vectorisé
U442,Get Out Original,2.6,2026-02-03 18:30:00,history,Donnée importée via pipeline ETL vectorisé
U442,The Conjuring Original,2.6,2026-02-20 21:00:00,history,Donnée importée via pipeline ETL vectorisé
U442,The Hangover Original,3.8,2026-03-08 14:15:00,history,Donnée importée via pipeline ETL vectorisé
U443,Titanic Original,1.7,2026-01-15 10:00:00,history,Donnée importée via pipeline ETL vectorisé
U443,Gladiator Original,4.7,2026-02-03 18:30:00,history,Donnée importée via pipeline ETL vectorisé
U443,Avatar Original,4.1,2026-02-20 21:00:00,history,Donnée importée via pipeline ETL vectorisé
U443,The Matrix Original,4.3,2026-03-08 14:15:00,history,Donnée importée via pipeline ETL vectorisé
U443,The Dark Knight Original,3.8,2026-03-25 20:00:00,history,Donnée importée via pipeline ETL vectorisé
U444,The Matrix Original,3.6,2026-01-15 10:00:00,history,Donnée importée via pipeline ETL vectorisé
U444,Blade Runner 2049 Original,4.2,2026-02-03 18:30:00,history,Donnée importée via pipeline ETL vectorisé
U444,Interstellar Original,4.4,2026-02-20 21:00:00,history,Donnée importée via pipeline ETL vectorisé
U444,The Hangover Original,2.4,2026-03-25 20:00:00,history,Donnée importée via pipeline ETL vectorisé
U444,Gladiator Legacy,4.3,2026-04-10 16:45:00,history,Donnée importée via pipeline ETL vectorisé
U444,La La Land Saga,3.7,2026-05-01 19:30:00,history,Donnée importée via pipeline ETL vectorisé
U445,The Hangover Original,1.2,2026-01-15 10:00:00,history,Donnée importée via pipeline ETL vectorisé
U445,Get Out Original,3.6,2026-02-03 18:30:00,history,Donnée importée via pipeline ETL vectorisé
U445,The Conjuring Original,3.7,2026-02-20 21:00:00,history,Donnée importée via pipeline ETL vectorisé
U445,Gladiator Legacy,4.8,2026-03-08 14:15:00,history,Donnée importée via pipeline ETL vectorisé
U446,The Dark Knight Original,3.8,2026-01-15 10:00:00,history,Donnée importée via pipeline ETL vectorisé
U446,Spirited Away Original,2.9,2026-02-03 18:30:00,history,Donnée importée via pipeline ETL vectorisé
U446,Parasite Original,4.6,2026-02-20 21:00:00,history,Donnée importée via pipeline ETL vectorisé
U446,Seven Original,4.5,2026-03-08 14:15:00,history,Donnée importée via pipeline ETL vectorisé
U447,The Dark Knight Original,1.9,2026-01-15 10:00:00,history,Donnée importée via pipeline ETL vectorisé
U447,Gladiator Legacy,5.0,2026-02-03 18:30:00,history,Donnée importée via pipeline ETL vectorisé
U447,Get Out Original,1.5,2026-02-20 21:00:00,history,Donnée importée via pipeline ETL vectorisé
U447,La La Land Original,3.7,2026-03-08 14:15:00,history,Donnée importée via pipeline ETL vectorisé
U447,Titanic Original,4.1,2026-03-25 20:00:00,history,Donnée importée via pipeline ETL vectorisé
U448,Spirited Away Original,4.7,2026-01-15 10:00:00,history,Donnée importée via pipeline ETL vectorisé
U448,Seven Original,1.6,2026-02-03 18:30:00,history,Donnée importée via pipeline ETL vectorisé
U448,Get Out Original,2.7,2026-02-20 21:00:00,history,Donnée importée via pipeline ETL vectorisé
U449,The Matrix Reloaded,3.6,2026-01-15 10:00:00,history,Donnée importée via pipeline ETL vectorisé
U449,Parasite Original,2.9,2026-02-03 18:30:00,history,Donnée importée via pipeline ETL vectorisé
U449,Gladiator Original,4.4,2026-02-20 21:00:00,history,Donnée importée via pipeline ETL vectorisé
U449,Pulp Fiction Original,5.0,2026-03-08 14:15:00,history,Donnée importée via pipeline ETL vectorisé
U450,Pulp Fiction Original,3.5,2026-01-15 10:00:00,history,Donnée importée via pipeline ETL vectorisé
U450,Titanic Original,5.0,2026-02-03 18:30:00,history,Donnée importée via pipeline ETL vectorisé
U450,Blade Runner 2049 Original,2.6,2026-02-20 21:00:00,history,Donnée importée via pipeline ETL vectorisé
U450,The Dark Knight Original,2.7,2026-03-08 14:15:00,history,Donnée importée via pipeline ETL vectorisé
U450,Spirited Away Original,3.0,2026-03-25 20:00:00,history,Donnée importée via pipeline ETL vectorisé
U450,Get Out Original,2.8,2026-04-10 16:45:00,history,Donnée importée via pipeline ETL vectorisé
U450,Interstellar Original,2.8,2026-05-01 19:30:00,history,Donnée importée via pipeline ETL vectorisé
U451,Pulp Fiction Original,3.1,2026-01-15 10:00:00,history,Donnée importée via pipeline ETL vectorisé
U451,Blade Runner 2049 Original,3.2,2026-02-20 21:00:00,history,Donnée importée via pipeline ETL vectorisé
U452,Get Out Original,1.4,2026-01-15 10:00:00,history,Donnée importée via pipeline ETL vectorisé
U452,Spirited Away Original,3.8,2026-02-03 18:30:00,history,Donnée importée via pipeline ETL vectorisé
U452,Gladiator Legacy,2.6,2026-02-20 21:00:00,history,Donnée importée via pipeline ETL vectorisé
U452,Superbad Original,5.0,2026-03-08 14:15:00,history,Donnée importée via pipeline ETL vectorisé
U452,The Hangover Original,4.4,2026-03-25 20:00:00,history,Donnée importée via pipeline ETL vectorisé
U452,La La Land Saga,4.8,2026-04-10 16:45:00,history,Donnée importée via pipeline ETL vectorisé
U452,Parasite Original,3.8,2026-05-01 19:30:00,history,Donnée importée via pipeline ETL vectorisé
U453,Gladiator Original,4.4,2026-01-15 10:00:00,history,Donnée importée via pipeline ETL vectorisé
U453,The Matrix Original,4.0,2026-02-20 21:00:00,history,Donnée importée via pipeline ETL vectorisé
U453,Avatar Original,4.6,2026-03-08 14:15:00,history,Donnée importée via pipeline ETL vectorisé
U453,The Dark Knight Original,5.0,2026-03-25 20:00:00,history,Donnée importée via pipeline ETL vectorisé
U454,Blade Runner 2049 Original,4.0,2026-02-03 18:30:00,history,Donnée importée via pipeline ETL vectorisé
U454,Interstellar Original,4.4,2026-02-20 21:00:00,history,Donnée importée via pipeline ETL vectorisé
U455,The Conjuring Original,3.8,2026-01-15 10:00:00,history,Donnée importée via pipeline ETL vectorisé
U455,Get Out Original,3.9,2026-06-01 00:00:00,history,Donnée importée via pipeline ETL vectorisé
U455,Pulp Fiction Original,5.0,2026-02-20 21:00:00,history,Donnée importée via pipeline ETL vectorisé
U455,Parasite Original,3.1,2026-03-08 14:15:00,history,Donnée importée via pipeline ETL vectorisé
U455,Titanic Original,1.0,2026-03-25 20:00:00,history,Donnée importée via pipeline ETL vectorisé
U455,The Hangover Original,2.9,2026-04-10 16:45:00,history,Donnée importée via pipeline ETL vectorisé
U455,The Dark Knight Original,4.3,2026-05-01 19:30:00,history,Donnée importée via pipeline ETL vectorisé
U456,Titanic Original,3.0,2026-01-15 10:00:00,history,Donnée importée via pipeline ETL vectorisé
U456,Seven Original,3.6,2026-02-03 18:30:00,history,Donnée importée via pipeline ETL vectorisé
U456,La La Land Saga,3.5,2026-02-20 21:00:00,history,Donnée importée via pipeline ETL vectorisé
U456,Avatar Original,5.0,2026-03-08 14:15:00,history,Donnée importée via pipeline ETL vectorisé
U456,Parasite Original,4.7,2026-03-25 20:00:00,history,Donnée importée via pipeline ETL vectorisé
U457,La La Land Original,4.7,2026-01-15 10:00:00,history,Donnée importée via pipeline ETL vectorisé
U457,Titanic Original,4.9,2026-02-03 18:30:00,history,Donnée importée via pipeline ETL vectorisé
U457,Toy Story Evolution,2.6,2026-02-20 21:00:00,history,Donnée importée via pipeline ETL vectorisé
U457,Seven Reborn,2.6,2026-03-08 14:15:00,history,Donnée importée via pipeline ETL vectorisé
U457,Get Out Original,5.0,2026-06-01 00:00:00,history,Donnée importée via pipeline ETL vectorisé
U458,Gladiator Legacy,3.9,2026-01-15 10:00:00,history,Donnée importée via pipeline ETL vectorisé
U458,Spirited Away Original,4.5,2026-02-03 18:30:00,history,Donnée importée via pipeline ETL vectorisé
U458,Toy Story Original,4.6,2026-02-20 21:00:00,history,Donnée importée via pipeline ETL vectorisé
U458,Pulp Fiction Original,4.7,2026-03-08 14:15:00,history,Donnée importée via pipeline ETL vectorisé
U459,Parasite Original,3.9,2026-01-15 10:00:00,history,Donnée importée via pipeline ETL vectorisé
U459,Get Out Original,3.2,2026-02-03 18:30:00,history,Donnée importée via pipeline ETL vectorisé
U459,The Conjuring Original,1.9,2026-02-20 21:00:00,history,Donnée importée via pipeline ETL vectorisé
U459,Pulp Fiction Original,4.9,2026-03-08 14:15:00,history,Donnée importée via pipeline ETL vectorisé
U459,Titanic Original,4.9,2026-03-25 20:00:00,history,Donnée importée via pipeline ETL vectorisé
U460,La La Land Saga,3.7,2026-01-15 10:00:00,history,Donnée importée via pipeline ETL vectorisé
U460,Seven Reborn,3.1,2026-02-03 18:30:00,history,Donnée importée via pipeline ETL vectorisé
U460,Interstellar Original,2.9,2026-02-20 21:00:00,history,Donnée importée via pipeline ETL vectorisé
U461,Spirited Away Original,3.5,2026-01-15 10:00:00,history,Donnée importée via pipeline ETL vectorisé
U461,Toy Story Evolution,3.5,2026-02-03 18:30:00,history,Donnée importée via pipeline ETL vectorisé
U461,Gladiator Legacy,3.0,2026-02-20 21:00:00,history,Donnée importée via pipeline ETL vectorisé
U461,The Dark Knight Original,3.4,2026-03-08 14:15:00,history,Donnée importée via pipeline ETL vectorisé
U461,The Hangover Original,3.8,2026-03-25 20:00:00,history,Donnée importée via pipeline ETL vectorisé
U462,Superbad Original,4.0,2026-01-15 10:00:00,history,Donnée importée via pipeline ETL vectorisé
U462,The Hangover Original,4.7,2026-02-03 18:30:00,history,Donnée importée via pipeline ETL vectorisé
U462,Parasite Original,4.3,2026-06-01 00:00:00,history,Donnée importée via pipeline ETL vectorisé
U462,Titanic Original,4.8,2026-03-08 14:15:00,history,Donnée importée via pipeline ETL vectorisé
U462,The Matrix Reloaded,3.7,2026-03-25 20:00:00,history,Donnée importée via pipeline ETL vectorisé
U462,Interstellar Original,4.7,2026-04-10 16:45:00,history,Donnée importée via pipeline ETL vectorisé
U462,Seven Reborn,5.0,2026-05-01 19:30:00,history,Donnée importée via pipeline ETL vectorisé
U463,Spirited Away Original,2.7,2026-01-15 10:00:00,history,Donnée importée via pipeline ETL vectorisé
U463,The Matrix Original,4.6,2026-02-03 18:30:00,history,Donnée importée via pipeline ETL vectorisé
U463,Avatar Original,4.7,2026-02-20 21:00:00,history,Donnée importée via pipeline ETL vectorisé
U464,La La Land Original,2.1,2026-01-15 10:00:00,history,Donnée importée via pipeline ETL vectorisé
U464,The Matrix Original,4.9,2026-02-03 18:30:00,history,Donnée importée via pipeline ETL vectorisé
U464,The Hangover Original,1.0,2026-02-20 21:00:00,history,Donnée importée via pipeline ETL vectorisé
U464,Interstellar Original,4.8,2026-03-25 20:00:00,history,Donnée importée via pipeline ETL vectorisé
U465,The Conjuring Original,4.2,2026-01-15 10:00:00,history,Donnée importée via pipeline ETL vectorisé
U465,The Dark Knight Original,3.2,2026-02-03 18:30:00,history,Donnée importée via pipeline ETL vectorisé
U465,Get Out Original,3.7,2026-02-20 21:00:00,history,Donnée importée via pipeline ETL vectorisé
U466,Avatar Original,4.1,2026-01-15 10:00:00,history,Donnée importée via pipeline ETL vectorisé
U466,Parasite Original,4.9,2026-02-03 18:30:00,history,Donnée importée via pipeline ETL vectorisé
U466,Seven Original,4.8,2026-02-20 21:00:00,history,Donnée importée via pipeline ETL vectorisé
U466,The Hangover Original,3.8,2026-03-08 14:15:00,history,Donnée importée via pipeline ETL vectorisé
U467,Titanic Original,5.0,2026-01-15 10:00:00,history,Donnée importée via pipeline ETL vectorisé
U467,The Dark Knight Original,3.9,2026-06-01 00:00:00,history,Donnée importée via pipeline ETL vectorisé
U467,Blade Runner 2049 Original,2.8,2026-02-20 21:00:00,history,Donnée importée via pipeline ETL vectorisé
U467,Parasite Original,3.2,2026-03-08 14:15:00,history,Donnée importée via pipeline ETL vectorisé
U467,La La Land Original,4.2,2026-03-25 20:00:00,history,Donnée importée via pipeline ETL vectorisé
U467,Superbad Original,4.8,2026-04-10 16:45:00,history,Donnée importée via pipeline ETL vectorisé
U468,Spirited Away Original,2.9,2026-01-15 10:00:00,history,Donnée importée via pipeline ETL vectorisé
U468,The Matrix Reloaded,3.7,2026-02-03 18:30:00,history,Donnée importée via pipeline ETL vectorisé
U468,The Conjuring Original,1.1,2026-02-20 21:00:00,history,Donnée importée via pipeline ETL vectorisé
U468,Toy Story Original,4.8,2026-03-08 14:15:00,history,Donnée importée via pipeline ETL vectorisé
U468,Avatar Part I,3.7,2026-03-25 20:00:00,history,Donnée importée via pipeline ETL vectorisé
U468,Get Out Original,1.5,2026-04-10 16:45:00,history,Donnée importée via pipeline ETL vectorisé
U469,Pulp Fiction Original,4.4,2026-01-15 10:00:00,history,Donnée importée via pipeline ETL vectorisé
U469,Titanic Original,4.5,2026-02-03 18:30:00,history,Donnée importée via pipeline ETL vectorisé
U469,The Hangover Original,2.8,2026-02-20 21:00:00,history,Donnée importée via pipeline ETL vectorisé
U469,Gladiator Original,3.7,2026-03-08 14:15:00,history,Donnée importée via pipeline ETL vectorisé
U469,Parasite Original,4.0,2026-03-25 20:00:00,history,Donnée importée via pipeline ETL vectorisé
U469,Superbad Original,2.7,2026-04-10 16:45:00,history,Donnée importée via pipeline ETL vectorisé
U470,Gladiator Legacy,2.7,2026-01-15 10:00:00,history,Donnée importée via pipeline ETL vectorisé
U470,Parasite Original,2.6,2026-02-03 18:30:00,history,Donnée importée via pipeline ETL vectorisé
U470,Pulp Fiction Original,2.6,2026-02-20 21:00:00,history,Donnée importée via pipeline ETL vectorisé
U470,Avatar Part I,3.9,2026-03-08 14:15:00,history,Donnée importée via pipeline ETL vectorisé
U470,Titanic Original,5.0,2026-03-25 20:00:00,history,Donnée importée via pipeline ETL vectorisé
U470,Toy Story Evolution,2.7,2026-04-10 16:45:00,history,Donnée importée via pipeline ETL vectorisé
U470,The Hangover Original,3.9,2026-05-01 19:30:00,history,Donnée importée via pipeline ETL vectorisé
U471,Pulp Fiction Original,3.5,2026-01-15 10:00:00,history,Donnée importée via pipeline ETL vectorisé
U471,The Hangover Original,3.7,2026-02-03 18:30:00,history,Donnée importée via pipeline ETL vectorisé
U471,The Dark Knight Original,3.2,2026-03-08 14:15:00,history,Donnée importée via pipeline ETL vectorisé
U472,The Conjuring Original,2.8,2026-01-15 10:00:00,history,Donnée importée via pipeline ETL vectorisé
U472,La La Land Saga,3.2,2026-02-03 18:30:00,history,Donnée importée via pipeline ETL vectorisé
U472,Superbad Original,4.6,2026-02-20 21:00:00,history,Donnée importée via pipeline ETL vectorisé
U473,Gladiator Original,4.6,2026-01-15 10:00:00,history,Donnée importée via pipeline ETL vectorisé
U473,Toy Story Original,2.6,2026-02-03 18:30:00,history,Donnée importée via pipeline ETL vectorisé
U473,The Matrix Original,3.9,2026-02-20 21:00:00,history,Donnée importée via pipeline ETL vectorisé
U473,Superbad Original,3.5,2026-03-08 14:15:00,history,Donnée importée via pipeline ETL vectorisé
U473,The Dark Knight Original,4.7,2026-03-25 20:00:00,history,Donnée importée via pipeline ETL vectorisé
U474,Superbad Original,1.0,2026-01-15 10:00:00,history,Donnée importée via pipeline ETL vectorisé
U474,Blade Runner 2049 Original,4.1,2026-02-03 18:30:00,history,Donnée importée via pipeline ETL vectorisé
U474,Titanic Original,3.3,2026-02-20 21:00:00,history,Donnée importée via pipeline ETL vectorisé
U475,La La Land Original,1.8,2026-01-15 10:00:00,history,Donnée importée via pipeline ETL vectorisé
U475,Get Out Original,4.1,2026-02-03 18:30:00,history,Donnée importée via pipeline ETL vectorisé
U475,The Conjuring Original,5.0,2026-02-20 21:00:00,history,Donnée importée via pipeline ETL vectorisé
U475,Interstellar Original,2.6,2026-03-08 14:15:00,history,Donnée importée via pipeline ETL vectorisé
U475,The Dark Knight Original,3.7,2026-03-25 20:00:00,history,Donnée importée via pipeline ETL vectorisé
U475,Seven Reborn,3.3,2026-04-10 16:45:00,history,Donnée importée via pipeline ETL vectorisé
U475,Superbad Original,4.2,2026-05-01 19:30:00,history,Donnée importée via pipeline ETL vectorisé
U476,Seven Original,4.2,2026-01-15 10:00:00,history,Donnée importée via pipeline ETL vectorisé
U476,Parasite Original,4.7,2026-02-03 18:30:00,history,Donnée importée via pipeline ETL vectorisé
U476,Spirited Away Original,2.8,2026-02-20 21:00:00,history,Donnée importée via pipeline ETL vectorisé
U476,Avatar Original,4.2,2026-03-08 14:15:00,history,Donnée importée via pipeline ETL vectorisé
U477,La La Land Saga,2.7,2026-01-15 10:00:00,history,Donnée importée via pipeline ETL vectorisé
U477,La La Land Original,3.7,2026-02-03 18:30:00,history,Donnée importée via pipeline ETL vectorisé
U477,Titanic Original,3.9,2026-02-20 21:00:00,history,Donnée importée via pipeline ETL vectorisé
U477,The Conjuring Original,3.8,2026-03-08 14:15:00,history,Donnée importée via pipeline ETL vectorisé
U477,Get Out Original,2.6,2026-03-25 20:00:00,history,Donnée importée via pipeline ETL vectorisé
U477,Superbad Original,2.3,2026-04-10 16:45:00,history,Donnée importée via pipeline ETL vectorisé
U477,The Dark Knight Original,3.6,2026-05-01 19:30:00,history,Donnée importée via pipeline ETL vectorisé
U478,Spirited Away Original,4.7,2026-01-15 10:00:00,history,Donnée importée via pipeline ETL vectorisé
U478,Toy Story Original,4.5,2026-02-03 18:30:00,history,Donnée importée via pipeline ETL vectorisé
U478,La La Land Saga,4.9,2026-02-20 21:00:00,history,Donnée importée via pipeline ETL vectorisé
U478,Interstellar Original,3.8,2026-03-08 14:15:00,history,Donnée importée via pipeline ETL vectorisé
U479,The Dark Knight Original,3.6,2026-01-15 10:00:00,history,Donnée importée via pipeline ETL vectorisé
U479,Seven Reborn,3.7,2026-02-03 18:30:00,history,Donnée importée via pipeline ETL vectorisé
U479,Get Out Original,2.7,2026-02-20 21:00:00,history,Donnée importée via pipeline ETL vectorisé
U479,Gladiator Original,4.5,2026-03-08 14:15:00,history,Donnée importée via pipeline ETL vectorisé
U480,Get Out Original,3.4,2026-01-15 10:00:00,history,Donnée importée via pipeline ETL vectorisé
U480,Spirited Away Original,3.5,2026-06-01 00:00:00,history,Donnée importée via pipeline ETL vectorisé
U480,The Matrix Reloaded,3.7,2026-02-20 21:00:00,history,Donnée importée via pipeline ETL vectorisé
U480,Seven Reborn,2.9,2026-03-08 14:15:00,history,Donnée importée via pipeline ETL vectorisé
U480,Pulp Fiction Original,3.7,2026-03-25 20:00:00,history,Donnée importée via pipeline ETL vectorisé
U481,Avatar Part I,3.0,2026-01-15 10:00:00,history,Donnée importée via pipeline ETL vectorisé
U481,Superbad Original,3.9,2026-02-03 18:30:00,history,Donnée importée via pipeline ETL vectorisé
U481,The Matrix Reloaded,2.8,2026-02-20 21:00:00,history,Donnée importée via pipeline ETL vectorisé
U481,Get Out Original,2.8,2026-03-08 14:15:00,history,Donnée importée via pipeline ETL vectorisé
U481,Parasite Original,3.7,2026-04-10 16:45:00,history,Donnée importée via pipeline ETL vectorisé
U482,The Hangover Original,3.8,2026-01-15 10:00:00,history,Donnée importée via pipeline ETL vectorisé
U482,Parasite Original,2.7,2026-02-03 18:30:00,history,Donnée importée via pipeline ETL vectorisé
U482,Superbad Original,3.8,2026-02-20 21:00:00,history,Donnée importée via pipeline ETL vectorisé
U483,Toy Story Original,2.9,2026-01-15 10:00:00,history,Donnée importée via pipeline ETL vectorisé
U483,Titanic Original,2.7,2026-02-03 18:30:00,history,Donnée importée via pipeline ETL vectorisé
U483,Gladiator Legacy,2.5,2026-02-20 21:00:00,history,Donnée importée via pipeline ETL vectorisé
U483,Avatar Original,3.6,2026-03-08 14:15:00,history,Donnée importée via pipeline ETL vectorisé
U484,Titanic Original,3.8,2026-01-15 10:00:00,history,Donnée importée via pipeline ETL vectorisé
U484,Gladiator Legacy,2.7,2026-02-03 18:30:00,history,Donnée importée via pipeline ETL vectorisé
U484,The Matrix Original,3.6,2026-02-20 21:00:00,history,Donnée importée via pipeline ETL vectorisé
U484,Interstellar Original,4.2,2026-03-08 14:15:00,history,Donnée importée via pipeline ETL vectorisé
U484,Avatar Part I,2.7,2026-03-25 20:00:00,history,Donnée importée via pipeline ETL vectorisé
U484,Pulp Fiction Original,2.7,2026-04-10 16:45:00,history,Donnée importée via pipeline ETL vectorisé
U484,Blade Runner 2049 Original,3.7,2026-05-01 19:30:00,history,Donnée importée via pipeline ETL vectorisé
U485,Interstellar Original,2.6,2026-01-15 10:00:00,history,Donnée importée via pipeline ETL vectorisé
U485,Gladiator Legacy,3.3,2026-02-03 18:30:00,history,Donnée importée via pipeline ETL vectorisé
U485,Get Out Original,3.8,2026-02-20 21:00:00,history,Donnée importée via pipeline ETL vectorisé
U485,The Conjuring Original,5.0,2026-03-08 14:15:00,history,Donnée importée via pipeline ETL vectorisé
U485,La La Land Original,1.3,2026-04-10 16:45:00,history,Donnée importée via pipeline ETL vectorisé
U485,The Dark Knight Original,4.9,2026-05-01 19:30:00,history,Donnée importée via pipeline ETL vectorisé
U486,Parasite Original,4.5,2026-01-15 10:00:00,history,Donnée importée via pipeline ETL vectorisé
U486,Avatar Original,3.8,2026-02-03 18:30:00,history,Donnée importée via pipeline ETL vectorisé
U486,Seven Original,5.0,2026-02-20 21:00:00,history,Donnée importée via pipeline ETL vectorisé
U486,Superbad Original,4.8,2026-03-08 14:15:00,history,Donnée importée via pipeline ETL vectorisé
U486,The Dark Knight Original,4.0,2026-04-10 16:45:00,history,Donnée importée via pipeline ETL vectorisé
U487,La La Land Saga,3.0,2026-01-15 10:00:00,history,Donnée importée via pipeline ETL vectorisé
U487,The Dark Knight Original,3.9,2026-02-03 18:30:00,history,Donnée importée via pipeline ETL vectorisé
U487,Titanic Original,4.4,2026-02-20 21:00:00,history,Donnée importée via pipeline ETL vectorisé
U487,The Conjuring Original,1.3,2026-03-08 14:15:00,history,Donnée importée via pipeline ETL vectorisé
U487,La La Land Original,4.9,2026-03-25 20:00:00,history,Donnée importée via pipeline ETL vectorisé
U487,Get Out Original,2.9,2026-04-10 16:45:00,history,Donnée importée via pipeline ETL vectorisé
U488,Toy Story Original,3.7,2026-01-15 10:00:00,history,Donnée importée via pipeline ETL vectorisé
U488,Spirited Away Original,4.5,2026-02-03 18:30:00,history,Donnée importée via pipeline ETL vectorisé
U488,The Conjuring Original,4.7,2026-02-20 21:00:00,history,Donnée importée via pipeline ETL vectorisé
U488,Avatar Original,2.6,2026-06-01 00:00:00,history,Donnée importée via pipeline ETL vectorisé
U489,Titanic Original,3.8,2026-01-15 10:00:00,history,Donnée importée via pipeline ETL vectorisé
U489,Gladiator Original,5.0,2026-02-03 18:30:00,history,Donnée importée via pipeline ETL vectorisé
U489,Parasite Original,4.2,2026-02-20 21:00:00,history,Donnée importée via pipeline ETL vectorisé
U489,Pulp Fiction Original,4.3,2026-03-08 14:15:00,history,Donnée importée via pipeline ETL vectorisé
U489,Get Out Original,1.4,2026-03-25 20:00:00,history,Donnée importée via pipeline ETL vectorisé
U489,The Matrix Reloaded,4.1,2026-04-10 16:45:00,history,Donnée importée via pipeline ETL vectorisé
U490,Avatar Part I,5.0,2026-01-15 10:00:00,history,Donnée importée via pipeline ETL vectorisé
U490,Toy Story Evolution,2.5,2026-02-03 18:30:00,history,Donnée importée via pipeline ETL vectorisé
U490,Spirited Away Original,2.9,2026-02-20 21:00:00,history,Donnée importée via pipeline ETL vectorisé
U490,La La Land Saga,3.5,2026-03-08 14:15:00,history,Donnée importée via pipeline ETL vectorisé
U490,Interstellar Original,2.5,2026-03-25 20:00:00,history,Donnée importée via pipeline ETL vectorisé
U490,Pulp Fiction Original,3.0,2026-04-10 16:45:00,history,Donnée importée via pipeline ETL vectorisé
U490,Gladiator Legacy,3.5,2026-05-01 19:30:00,history,Donnée importée via pipeline ETL vectorisé
U491,Toy Story Evolution,3.7,2026-01-15 10:00:00,history,Donnée importée via pipeline ETL vectorisé
U491,Avatar Part I,2.9,2026-02-03 18:30:00,history,Donnée importée via pipeline ETL vectorisé
U491,The Matrix Reloaded,3.5,2026-02-20 21:00:00,history,Donnée importée via pipeline ETL vectorisé
U492,Superbad Original,3.6,2026-01-15 10:00:00,history,Donnée importée via pipeline ETL vectorisé
U492,Parasite Original,3.1,2026-02-03 18:30:00,history,Donnée importée via pipeline ETL vectorisé
U492,The Hangover Original,2.7,2026-02-20 21:00:00,history,Donnée importée via pipeline ETL vectorisé
U492,Seven Original,2.5,2026-03-08 14:15:00,history,Donnée importée via pipeline ETL vectorisé
U492,The Matrix Reloaded,3.4,2026-03-25 20:00:00,history,Donnée importée via pipeline ETL vectorisé
U492,The Conjuring Original,4.3,2026-04-10 16:45:00,history,Donnée importée via pipeline ETL vectorisé
U493,Titanic Original,2.5,2026-01-15 10:00:00,history,Donnée importée via pipeline ETL vectorisé
U493,Gladiator Original,4.9,2026-02-03 18:30:00,history,Donnée importée via pipeline ETL vectorisé
U493,Spirited Away Original,2.7,2026-02-20 21:00:00,history,Donnée importée via pipeline ETL vectorisé
U493,The Matrix Original,4.4,2026-03-08 14:15:00,history,Donnée importée via pipeline ETL vectorisé
U493,The Dark Knight Original,4.5,2026-03-25 20:00:00,history,Donnée importée via pipeline ETL vectorisé
U493,Toy Story Original,2.2,2026-04-10 16:45:00,history,Donnée importée via pipeline ETL vectorisé
U493,Avatar Original,5.0,2026-05-01 19:30:00,history,Donnée importée via pipeline ETL vectorisé
U494,The Matrix Original,3.7,2026-01-15 10:00:00,history,Donnée importée via pipeline ETL vectorisé
U494,The Hangover Original,3.3,2026-02-03 18:30:00,history,Donnée importée via pipeline ETL vectorisé
U494,Interstellar Original,4.6,2026-02-20 21:00:00,history,Donnée importée via pipeline ETL vectorisé
U494,Blade Runner 2049 Original,4.5,2026-03-08 14:15:00,history,Donnée importée via pipeline ETL vectorisé
U494,Toy Story Evolution,3.1,2026-03-25 20:00:00,history,Donnée importée via pipeline ETL vectorisé
U494,Seven Reborn,3.7,2026-05-01 19:30:00,history,Donnée importée via pipeline ETL vectorisé
U495,Superbad Original,3.0,2026-01-15 10:00:00,history,Donnée importée via pipeline ETL vectorisé
U495,Toy Story Evolution,3.7,2026-02-03 18:30:00,history,Donnée importée via pipeline ETL vectorisé
U495,Get Out Original,3.8,2026-02-20 21:00:00,history,Donnée importée via pipeline ETL vectorisé
U495,The Conjuring Original,4.7,2026-03-25 20:00:00,history,Donnée importée via pipeline ETL vectorisé
U496,The Hangover Original,2.2,2026-01-15 10:00:00,history,Donnée importée via pipeline ETL vectorisé
U496,Avatar Original,4.8,2026-02-03 18:30:00,history,Donnée importée via pipeline ETL vectorisé
U496,Seven Original,3.8,2026-02-20 21:00:00,history,Donnée importée via pipeline ETL vectorisé
U497,Avatar Part I,2.5,2026-01-15 10:00:00,history,Donnée importée via pipeline ETL vectorisé
U497,Gladiator Legacy,3.6,2026-02-03 18:30:00,history,Donnée importée via pipeline ETL vectorisé
U497,The Conjuring Original,1.5,2026-02-20 21:00:00,history,Donnée importée via pipeline ETL vectorisé
U497,Titanic Original,4.1,2026-03-08 14:15:00,history,Donnée importée via pipeline ETL vectorisé
U497,La La Land Original,4.9,2026-03-25 20:00:00,history,Donnée importée via pipeline ETL vectorisé
U497,The Hangover Original,3.0,2026-04-10 16:45:00,history,Donnée importée via pipeline ETL vectorisé
U497,The Dark Knight Original,2.7,2026-05-01 19:30:00,history,Donnée importée via pipeline ETL vectorisé
U498,Spirited Away Original,4.5,2026-01-15 10:00:00,history,Donnée importée via pipeline ETL vectorisé
U498,Toy Story Original,4.4,2026-02-03 18:30:00,history,Donnée importée via pipeline ETL vectorisé
U498,Seven Original,1.9,2026-02-20 21:00:00,history,Donnée importée via pipeline ETL vectorisé
U498,Gladiator Legacy,4.5,2026-06-01 00:00:00,history,Donnée importée via pipeline ETL vectorisé
U499,The Matrix Original,2.6,2026-01-15 10:00:00,history,Donnée importée via pipeline ETL vectorisé
U499,Blade Runner 2049 Original,1.6,2026-02-03 18:30:00,history,Donnée importée via pipeline ETL vectorisé
U499,Seven Reborn,3.2,2026-02-20 21:00:00,history,Donnée importée via pipeline ETL vectorisé
U499,Gladiator Original,4.9,2026-03-08 14:15:00,history,Donnée importée via pipeline ETL vectorisé
U499,Pulp Fiction Original,3.3,2026-03-25 20:00:00,history,Donnée importée via pipeline ETL vectorisé
U499,Parasite Original,4.7,2026-04-10 16:45:00,history,Donnée importée via pipeline ETL vectorisé
U500,Pulp Fiction Original,3.2,2026-01-15 10:00:00,history,Donnée importée via pipeline ETL vectorisé
U500,Seven Reborn,3.9,2026-02-20 21:00:00,history,Donnée importée via pipeline ETL vectorisé
U501,Parasite Original,3.0,2026-01-15 10:00:00,history,Donnée importée via pipeline ETL vectorisé
U501,Spirited Away Original,3.0,2026-02-03 18:30:00,history,Donnée importée via pipeline ETL vectorisé
U501,The Matrix Reloaded,3.6,2026-02-20 21:00:00,history,Donnée importée via pipeline ETL vectorisé
U501,Pulp Fiction Original,2.8,2026-03-08 14:15:00,history,Donnée importée via pipeline ETL vectorisé
U501,Blade Runner 2049 Original,3.0,2026-03-25 20:00:00,history,Donnée importée via pipeline ETL vectorisé
U501,Get Out Original,2.9,2026-04-10 16:45:00,history,Donnée importée via pipeline ETL vectorisé
U502,Interstellar Original,2.9,2026-01-15 10:00:00,history,Donnée importée via pipeline ETL vectorisé
U502,Superbad Original,4.9,2026-02-03 18:30:00,history,Donnée importée via pipeline ETL vectorisé
U502,The Hangover Original,4.8,2026-02-20 21:00:00,history,Donnée importée via pipeline ETL vectorisé
U502,Get Out Original,2.9,2026-03-08 14:15:00,history,Donnée importée via pipeline ETL vectorisé
U502,Blade Runner 2049 Original,4.6,2026-03-25 20:00:00,history,Donnée importée via pipeline ETL vectorisé
U503,Pulp Fiction Original,3.7,2026-01-15 10:00:00,history,Donnée importée via pipeline ETL vectorisé
U503,Avatar Original,4.2,2026-02-03 18:30:00,history,Donnée importée via pipeline ETL vectorisé
U503,The Matrix Original,4.9,2026-02-20 21:00:00,history,Donnée importée via pipeline ETL vectorisé
U503,The Dark Knight Original,4.2,2026-03-08 14:15:00,history,Donnée importée via pipeline ETL vectorisé
U503,Gladiator Original,3.5,2026-03-25 20:00:00,history,Donnée importée via pipeline ETL vectorisé
U504,Interstellar Original,4.3,2026-01-15 10:00:00,history,Donnée importée via pipeline ETL vectorisé
U504,Blade Runner 2049 Original,3.7,2026-02-20 21:00:00,history,Donnée importée via pipeline ETL vectorisé
U504,Titanic Original,1.4,2026-03-08 14:15:00,history,Donnée importée via pipeline ETL vectorisé
U504,Pulp Fiction Original,3.1,2026-06-01 00:00:00,history,Donnée importée via pipeline ETL vectorisé
U505,The Conjuring Original,4.4,2026-01-15 10:00:00,history,Donnée importée via pipeline ETL vectorisé
U505,Get Out Original,4.9,2026-02-03 18:30:00,history,Donnée importée via pipeline ETL vectorisé
U505,Avatar Part I,4.5,2026-02-20 21:00:00,history,Donnée importée via pipeline ETL vectorisé
U505,La La Land Saga,2.7,2026-03-25 20:00:00,history,Donnée importée via pipeline ETL vectorisé
U505,La La Land Original,5.0,2026-04-10 16:45:00,history,Donnée importée via pipeline ETL vectorisé
U505,Superbad Original,3.9,2026-06-01 00:00:00,history,Donnée importée via pipeline ETL vectorisé
U506,Parasite Original,4.6,2026-01-15 10:00:00,history,Donnée importée via pipeline ETL vectorisé
U506,Avatar Original,4.4,2026-02-03 18:30:00,history,Donnée importée via pipeline ETL vectorisé
U506,Seven Original,4.2,2026-02-20 21:00:00,history,Donnée importée via pipeline ETL vectorisé
U507,La La Land Original,4.1,2026-01-15 10:00:00,history,Donnée importée via pipeline ETL vectorisé
U507,Titanic Original,3.8,2026-02-03 18:30:00,history,Donnée importée via pipeline ETL vectorisé
U507,The Dark Knight Original,2.7,2026-06-01 00:00:00,history,Donnée importée via pipeline ETL vectorisé
U508,Spirited Away Original,3.6,2026-01-15 10:00:00,history,Donnée importée via pipeline ETL vectorisé
U508,Parasite Original,2.7,2026-02-03 18:30:00,history,Donnée importée via pipeline ETL vectorisé
U508,Toy Story Original,3.7,2026-02-20 21:00:00,history,Donnée importée via pipeline ETL vectorisé
U509,Titanic Original,4.0,2026-01-15 10:00:00,history,Donnée importée via pipeline ETL vectorisé
U509,Gladiator Original,4.9,2026-02-03 18:30:00,history,Donnée importée via pipeline ETL vectorisé
U509,Parasite Original,5.0,2026-02-20 21:00:00,history,Donnée importée via pipeline ETL vectorisé
U509,Get Out Original,2.6,2026-03-08 14:15:00,history,Donnée importée via pipeline ETL vectorisé
U509,Pulp Fiction Original,4.0,2026-03-25 20:00:00,history,Donnée importée via pipeline ETL vectorisé
U510,Spirited Away Original,3.8,2026-01-15 10:00:00,history,Donnée importée via pipeline ETL vectorisé
U510,Get Out Original,3.3,2026-02-03 18:30:00,history,Donnée importée via pipeline ETL vectorisé
U510,Toy Story Evolution,3.6,2026-02-20 21:00:00,history,Donnée importée via pipeline ETL vectorisé
U511,Seven Reborn,5.0,2026-01-15 10:00:00,history,Donnée importée via pipeline ETL vectorisé
U511,Titanic Original,3.9,2026-02-03 18:30:00,history,Donnée importée via pipeline ETL vectorisé
U511,The Matrix Reloaded,3.3,2026-02-20 21:00:00,history,Donnée importée via pipeline ETL vectorisé
U511,Toy Story Evolution,2.8,2026-03-08 14:15:00,history,Donnée importée via pipeline ETL vectorisé
U511,Gladiator Legacy,3.2,2026-06-01 00:00:00,history,Donnée importée via pipeline ETL vectorisé
U511,The Hangover Original,3.0,2026-04-10 16:45:00,history,Donnée importée via pipeline ETL vectorisé
U512,The Hangover Original,3.7,2026-01-15 10:00:00,history,Donnée importée via pipeline ETL vectorisé
U512,Superbad Original,4.7,2026-02-03 18:30:00,history,Donnée importée via pipeline ETL vectorisé
U512,Spirited Away Original,4.0,2026-02-20 21:00:00,history,Donnée importée via pipeline ETL vectorisé
U513,Pulp Fiction Original,2.9,2026-01-15 10:00:00,history,Donnée importée via pipeline ETL vectorisé
U513,The Matrix Reloaded,3.6,2026-02-03 18:30:00,history,Donnée importée via pipeline ETL vectorisé
U513,The Matrix Original,4.7,2026-02-20 21:00:00,history,Donnée importée via pipeline ETL vectorisé
U513,The Dark Knight Original,4.3,2026-03-08 14:15:00,history,Donnée importée via pipeline ETL vectorisé
U514,The Matrix Original,3.6,2026-01-15 10:00:00,history,Donnée importée via pipeline ETL vectorisé
U514,Blade Runner 2049 Original,3.5,2026-02-03 18:30:00,history,Donnée importée via pipeline ETL vectorisé
U514,Interstellar Original,4.5,2026-02-20 21:00:00,history,Donnée importée via pipeline ETL vectorisé
U515,The Conjuring Original,3.8,2026-01-15 10:00:00,history,Donnée importée via pipeline ETL vectorisé
U515,Get Out Original,4.4,2026-02-03 18:30:00,history,Donnée importée via pipeline ETL vectorisé
U515,Superbad Original,3.0,2026-02-20 21:00:00,history,Donnée importée via pipeline ETL vectorisé
U515,The Matrix Reloaded,4.8,2026-03-08 14:15:00,history,Donnée importée via pipeline ETL vectorisé
U515,La La Land Original,1.5,2026-03-25 20:00:00,history,Donnée importée via pipeline ETL vectorisé
U515,The Hangover Original,4.2,2026-04-10 16:45:00,history,Donnée importée via pipeline ETL vectorisé
U516,Blade Runner 2049 Original,2.8,2026-06-01 00:00:00,history,Donnée importée via pipeline ETL vectorisé
U516,Spirited Away Original,1.4,2026-02-03 18:30:00,history,Donnée importée via pipeline ETL vectorisé
U516,Avatar Original,4.1,2026-02-20 21:00:00,history,Donnée importée via pipeline ETL vectorisé
U516,Parasite Original,3.8,2026-03-08 14:15:00,history,Donnée importée via pipeline ETL vectorisé
U516,Seven Original,4.5,2026-03-25 20:00:00,history,Donnée importée via pipeline ETL vectorisé
U516,Superbad Original,3.1,2026-04-10 16:45:00,history,Donnée importée via pipeline ETL vectorisé
U517,Titanic Original,3.5,2026-01-15 10:00:00,history,Donnée importée via pipeline ETL vectorisé
U517,La La Land Original,3.6,2026-02-03 18:30:00,history,Donnée importée via pipeline ETL vectorisé
U517,Superbad Original,3.5,2026-02-20 21:00:00,history,Donnée importée via pipeline ETL vectorisé
U517,Gladiator Legacy,2.8,2026-03-08 14:15:00,history,Donnée importée via pipeline ETL vectorisé
U517,Interstellar Original,5.0,2026-03-25 20:00:00,history,Donnée importée via pipeline ETL vectorisé
U517,Seven Reborn,3.8,2026-04-10 16:45:00,history,Donnée importée via pipeline ETL vectorisé
U518,Parasite Original,2.7,2026-01-15 10:00:00,history,Donnée importée via pipeline ETL vectorisé
U518,Spirited Away Original,4.5,2026-02-03 18:30:00,history,Donnée importée via pipeline ETL vectorisé
U518,Toy Story Original,4.7,2026-02-20 21:00:00,history,Donnée importée via pipeline ETL vectorisé
U519,Gladiator Original,4.1,2026-01-15 10:00:00,history,Donnée importée via pipeline ETL vectorisé
U519,Blade Runner 2049 Original,1.8,2026-02-03 18:30:00,history,Donnée importée via pipeline ETL vectorisé
U519,Titanic Original,4.7,2026-02-20 21:00:00,history,Donnée importée via pipeline ETL vectorisé
U519,The Conjuring Original,1.1,2026-03-08 14:15:00,history,Donnée importée via pipeline ETL vectorisé
U519,Get Out Original,2.1,2026-03-25 20:00:00,history,Donnée importée via pipeline ETL vectorisé
U520,Seven Reborn,2.8,2026-01-15 10:00:00,history,Donnée importée via pipeline ETL vectorisé
U520,Avatar Part I,2.6,2026-02-03 18:30:00,history,Donnée importée via pipeline ETL vectorisé
U520,Gladiator Legacy,3.4,2026-03-08 14:15:00,history,Donnée importée via pipeline ETL vectorisé
U520,The Conjuring Original,3.6,2026-03-25 20:00:00,history,Donnée importée via pipeline ETL vectorisé
U521,Spirited Away Original,2.9,2026-01-15 10:00:00,history,Donnée importée via pipeline ETL vectorisé
U521,Parasite Original,3.4,2026-02-20 21:00:00,history,Donnée importée via pipeline ETL vectorisé
U521,Superbad Original,3.4,2026-03-08 14:15:00,history,Donnée importée via pipeline ETL vectorisé
U521,Get Out Original,3.2,2026-03-25 20:00:00,history,Donnée importée via pipeline ETL vectorisé
U521,Interstellar Original,3.5,2026-04-10 16:45:00,history,Donnée importée via pipeline ETL vectorisé
U521,The Dark Knight Original,3.7,2026-05-01 19:30:00,history,Donnée importée via pipeline ETL vectorisé
U522,Superbad Original,3.9,2026-01-15 10:00:00,history,Donnée importée via pipeline ETL vectorisé
U522,The Hangover Original,4.2,2026-02-03 18:30:00,history,Donnée importée via pipeline ETL vectorisé
U522,Titanic Original,4.8,2026-02-20 21:00:00,history,Donnée importée via pipeline ETL vectorisé
U523,Avatar Original,4.5,2026-01-15 10:00:00,history,Donnée importée via pipeline ETL vectorisé
U523,The Matrix Original,4.9,2026-02-03 18:30:00,history,Donnée importée via pipeline ETL vectorisé
U523,The Dark Knight Original,4.3,2026-02-20 21:00:00,history,Donnée importée via pipeline ETL vectorisé
U524,Blade Runner 2049 Original,3.7,2026-02-03 18:30:00,history,Donnée importée via pipeline ETL vectorisé
U524,Parasite Original,3.3,2026-02-20 21:00:00,history,Donnée importée via pipeline ETL vectorisé
U524,Titanic Original,5.0,2026-03-08 14:15:00,history,Donnée importée via pipeline ETL vectorisé
U525,Get Out Original,3.8,2026-01-15 10:00:00,history,Donnée importée via pipeline ETL vectorisé
U525,The Conjuring Original,4.2,2026-02-03 18:30:00,history,Donnée importée via pipeline ETL vectorisé
U525,Avatar Part I,2.9,2026-02-20 21:00:00,history,Donnée importée via pipeline ETL vectorisé
U525,Toy Story Evolution,4.5,2026-03-08 14:15:00,history,Donnée importée via pipeline ETL vectorisé
U526,Avatar Original,4.1,2026-01-15 10:00:00,history,Donnée importée via pipeline ETL vectorisé
U526,Seven Original,4.5,2026-02-03 18:30:00,history,Donnée importée via pipeline ETL vectorisé
U526,Spirited Away Original,2.8,2026-02-20 21:00:00,history,Donnée importée via pipeline ETL vectorisé
U526,Parasite Original,4.1,2026-03-08 14:15:00,history,Donnée importée via pipeline ETL vectorisé
U526,Toy Story Original,1.1,2026-03-25 20:00:00,history,Donnée importée via pipeline ETL vectorisé
U526,Seven Reborn,4.9,2026-04-10 16:45:00,history,Donnée importée via pipeline ETL vectorisé
U527,Spirited Away Original,3.4,2026-01-15 10:00:00,history,Donnée importée via pipeline ETL vectorisé
U527,La La Land Original,3.9,2026-02-03 18:30:00,history,Donnée importée via pipeline ETL vectorisé
U527,Parasite Original,2.6,2026-02-20 21:00:00,history,Donnée importée via pipeline ETL vectorisé
U527,Gladiator Legacy,3.2,2026-03-08 14:15:00,history,Donnée importée via pipeline ETL vectorisé
U527,Seven Reborn,3.0,2026-03-25 20:00:00,history,Donnée importée via pipeline ETL vectorisé
U527,The Conjuring Original,2.2,2026-04-10 16:45:00,history,Donnée importée via pipeline ETL vectorisé
U528,The Conjuring Original,5.0,2026-01-15 10:00:00,history,Donnée importée via pipeline ETL vectorisé
U528,Avatar Original,2.9,2026-02-03 18:30:00,history,Donnée importée via pipeline ETL vectorisé
U528,Spirited Away Original,4.6,2026-02-20 21:00:00,history,Donnée importée via pipeline ETL vectorisé
U529,Avatar Part I,3.2,2026-01-15 10:00:00,history,Donnée importée via pipeline ETL vectorisé
U529,Gladiator Original,4.1,2026-02-03 18:30:00,history,Donnée importée via pipeline ETL vectorisé
U529,Titanic Original,4.4,2026-02-20 21:00:00,history,Donnée importée via pipeline ETL vectorisé
U529,The Conjuring Original,1.3,2026-03-08 14:15:00,history,Donnée importée via pipeline ETL vectorisé
U530,Parasite Original,3.7,2026-01-15 10:00:00,history,Donnée importée via pipeline ETL vectorisé
U530,Gladiator Legacy,2.6,2026-02-03 18:30:00,history,Donnée importée via pipeline ETL vectorisé
U530,Toy Story Evolution,3.4,2026-02-20 21:00:00,history,Donnée importée via pipeline ETL vectorisé
U530,Superbad Original,3.6,2026-03-25 20:00:00,history,Donnée importée via pipeline ETL vectorisé
U530,La La Land Saga,3.0,2026-04-10 16:45:00,history,Donnée importée via pipeline ETL vectorisé
U531,Get Out Original,3.7,2026-01-15 10:00:00,history,Donnée importée via pipeline ETL vectorisé
U531,The Matrix Reloaded,2.8,2026-02-03 18:30:00,history,Donnée importée via pipeline ETL vectorisé
U531,Interstellar Original,2.8,2026-02-20 21:00:00,history,Donnée importée via pipeline ETL vectorisé
U531,The Dark Knight Original,3.5,2026-03-08 14:15:00,history,Donnée importée via pipeline ETL vectorisé
U532,Get Out Original,2.6,2026-01-15 10:00:00,history,Donnée importée via pipeline ETL vectorisé
U532,Superbad Original,2.9,2026-06-01 00:00:00,history,Donnée importée via pipeline ETL vectorisé
U532,The Hangover Original,4.3,2026-02-20 21:00:00,history,Donnée importée via pipeline ETL vectorisé
U532,Interstellar Original,4.2,2026-03-08 14:15:00,history,Donnée importée via pipeline ETL vectorisé
U533,Avatar Original,4.0,2026-01-15 10:00:00,history,Donnée importée via pipeline ETL vectorisé
U533,Pulp Fiction Original,3.2,2026-02-03 18:30:00,history,Donnée importée via pipeline ETL vectorisé
U533,Gladiator Original,4.2,2026-02-20 21:00:00,history,Donnée importée via pipeline ETL vectorisé
U533,Blade Runner 2049 Original,3.4,2026-03-08 14:15:00,history,Donnée importée via pipeline ETL vectorisé
U533,Toy Story Original,5.0,2026-03-25 20:00:00,history,Donnée importée via pipeline ETL vectorisé
U533,The Matrix Original,3.7,2026-04-10 16:45:00,history,Donnée importée via pipeline ETL vectorisé
U534,The Matrix Original,4.9,2026-01-15 10:00:00,history,Donnée importée via pipeline ETL vectorisé
U534,Pulp Fiction Original,3.5,2026-02-20 21:00:00,history,Donnée importée via pipeline ETL vectorisé
U534,Blade Runner 2049 Original,4.1,2026-03-08 14:15:00,history,Donnée importée via pipeline ETL vectorisé
U534,Interstellar Original,4.7,2026-03-25 20:00:00,history,Donnée importée via pipeline ETL vectorisé
U534,La La Land Saga,4.3,2026-04-10 16:45:00,history,Donnée importée via pipeline ETL vectorisé
U535,The Conjuring Original,4.6,2026-01-15 10:00:00,history,Donnée importée via pipeline ETL vectorisé
U535,Get Out Original,3.8,2026-06-01 00:00:00,history,Donnée importée via pipeline ETL vectorisé
U535,La La Land Saga,4.3,2026-02-20 21:00:00,history,Donnée importée via pipeline ETL vectorisé
U536,Toy Story Original,1.3,2026-01-15 10:00:00,history,Donnée importée via pipeline ETL vectorisé
U536,Parasite Original,4.8,2026-02-03 18:30:00,history,Donnée importée via pipeline ETL vectorisé
U536,Seven Original,4.2,2026-02-20 21:00:00,history,Donnée importée via pipeline ETL vectorisé
U536,Seven Reborn,3.3,2026-03-08 14:15:00,history,Donnée importée via pipeline ETL vectorisé
U536,Superbad Original,1.3,2026-03-25 20:00:00,history,Donnée importée via pipeline ETL vectorisé
U537,Titanic Original,3.8,2026-01-15 10:00:00,history,Donnée importée via pipeline ETL vectorisé
U537,La La Land Original,4.9,2026-02-03 18:30:00,history,Donnée importée via pipeline ETL vectorisé
U537,Parasite Original,4.8,2026-02-20 21:00:00,history,Donnée importée via pipeline ETL vectorisé
U537,The Matrix Reloaded,2.9,2026-03-08 14:15:00,history,Donnée importée via pipeline ETL vectorisé
U538,Toy Story Original,3.7,2026-01-15 10:00:00,history,Donnée importée via pipeline ETL vectorisé
U538,The Dark Knight Original,3.9,2026-02-03 18:30:00,history,Donnée importée via pipeline ETL vectorisé
U538,Spirited Away Original,4.8,2026-06-01 00:00:00,history,Donnée importée via pipeline ETL vectorisé
U539,The Matrix Reloaded,2.8,2026-01-15 10:00:00,history,Donnée importée via pipeline ETL vectorisé
U539,Gladiator Legacy,3.0,2026-02-03 18:30:00,history,Donnée importée via pipeline ETL vectorisé
U539,Titanic Original,3.6,2026-02-20 21:00:00,history,Donnée importée via pipeline ETL vectorisé
U539,Gladiator Original,4.2,2026-03-08 14:15:00,history,Donnée importée via pipeline ETL vectorisé
U540,Avatar Part I,3.1,2026-01-15 10:00:00,history,Donnée importée via pipeline ETL vectorisé
U540,Spirited Away Original,2.5,2026-02-03 18:30:00,history,Donnée importée via pipeline ETL vectorisé
U540,The Hangover Original,2.6,2026-02-20 21:00:00,history,Donnée importée via pipeline ETL vectorisé
U540,Superbad Original,3.6,2026-03-08 14:15:00,history,Donnée importée via pipeline ETL vectorisé
U540,Get Out Original,3.1,2026-03-25 20:00:00,history,Donnée importée via pipeline ETL vectorisé
U540,Pulp Fiction Original,3.1,2026-04-10 16:45:00,history,Donnée importée via pipeline ETL vectorisé
U540,Toy Story Evolution,3.3,2026-05-01 19:30:00,history,Donnée importée via pipeline ETL vectorisé
U541,Blade Runner 2049 Original,3.8,2026-01-15 10:00:00,history,Donnée importée via pipeline ETL vectorisé
U541,Get Out Original,3.3,2026-02-03 18:30:00,history,Donnée importée via pipeline ETL vectorisé
U541,Toy Story Evolution,2.7,2026-02-20 21:00:00,history,Donnée importée via pipeline ETL vectorisé
U541,Superbad Original,2.9,2026-03-08 14:15:00,history,Donnée importée via pipeline ETL vectorisé
U542,The Hangover Original,4.0,2026-01-15 10:00:00,history,Donnée importée via pipeline ETL vectorisé
U542,Seven Original,2.6,2026-02-03 18:30:00,history,Donnée importée via pipeline ETL vectorisé
U542,Superbad Original,3.6,2026-02-20 21:00:00,history,Donnée importée via pipeline ETL vectorisé
U542,Avatar Original,2.4,2026-03-25 20:00:00,history,Donnée importée via pipeline ETL vectorisé
U542,Seven Reborn,5.0,2026-04-10 16:45:00,history,Donnée importée via pipeline ETL vectorisé
U542,Gladiator Legacy,3.3,2026-05-01 19:30:00,history,Donnée importée via pipeline ETL vectorisé
U543,Gladiator Original,4.7,2026-01-15 10:00:00,history,Donnée importée via pipeline ETL vectorisé
U543,The Matrix Original,4.7,2026-02-03 18:30:00,history,Donnée importée via pipeline ETL vectorisé
U543,The Dark Knight Original,3.9,2026-02-20 21:00:00,history,Donnée importée via pipeline ETL vectorisé
U543,Avatar Original,4.1,2026-03-08 14:15:00,history,Donnée importée via pipeline ETL vectorisé
U544,Interstellar Original,4.4,2026-06-01 00:00:00,history,Donnée importée via pipeline ETL vectorisé
U544,The Matrix Original,4.1,2026-02-20 21:00:00,history,Donnée importée via pipeline ETL vectorisé
U544,Blade Runner 2049 Original,4.9,2026-03-08 14:15:00,history,Donnée importée via pipeline ETL vectorisé
U544,The Dark Knight Original,2.9,2026-03-25 20:00:00,history,Donnée importée via pipeline ETL vectorisé
U544,Avatar Part I,3.6,2026-04-10 16:45:00,history,Donnée importée via pipeline ETL vectorisé
U544,Pulp Fiction Original,5.0,2026-05-01 19:30:00,history,Donnée importée via pipeline ETL vectorisé
U545,Get Out Original,3.6,2026-01-15 10:00:00,history,Donnée importée via pipeline ETL vectorisé
U545,The Conjuring Original,4.5,2026-02-03 18:30:00,history,Donnée importée via pipeline ETL vectorisé
U545,Blade Runner 2049 Original,4.6,2026-02-20 21:00:00,history,Donnée importée via pipeline ETL vectorisé
U545,La La Land Saga,4.7,2026-03-08 14:15:00,history,Donnée importée via pipeline ETL vectorisé
U545,Superbad Original,1.3,2026-03-25 20:00:00,history,Donnée importée via pipeline ETL vectorisé
U545,Interstellar Original,5.0,2026-05-01 19:30:00,history,Donnée importée via pipeline ETL vectorisé
U546,Avatar Original,5.0,2026-01-15 10:00:00,history,Donnée importée via pipeline ETL vectorisé
U546,Gladiator Legacy,3.8,2026-02-03 18:30:00,history,Donnée importée via pipeline ETL vectorisé
U546,Seven Original,4.1,2026-02-20 21:00:00,history,Donnée importée via pipeline ETL vectorisé
U546,Parasite Original,4.4,2026-03-08 14:15:00,history,Donnée importée via pipeline ETL vectorisé
U547,Titanic Original,4.5,2026-01-15 10:00:00,history,Donnée importée via pipeline ETL vectorisé
U547,La La Land Original,4.7,2026-02-03 18:30:00,history,Donnée importée via pipeline ETL vectorisé
U547,Spirited Away Original,4.6,2026-02-20 21:00:00,history,Donnée importée via pipeline ETL vectorisé
U547,Toy Story Evolution,3.7,2026-03-08 14:15:00,history,Donnée importée via pipeline ETL vectorisé
U547,The Matrix Original,2.6,2026-03-25 20:00:00,history,Donnée importée via pipeline ETL vectorisé
U548,Seven Original,2.0,2026-01-15 10:00:00,history,Donnée importée via pipeline ETL vectorisé
U548,Toy Story Original,4.7,2026-02-03 18:30:00,history,Donnée importée via pipeline ETL vectorisé
U548,Avatar Part I,3.9,2026-02-20 21:00:00,history,Donnée importée via pipeline ETL vectorisé
U549,The Matrix Original,2.5,2026-01-15 10:00:00,history,Donnée importée via pipeline ETL vectorisé
U549,Get Out Original,3.1,2026-02-03 18:30:00,history,Donnée importée via pipeline ETL vectorisé
U549,Titanic Original,4.7,2026-02-20 21:00:00,history,Donnée importée via pipeline ETL vectorisé
U549,Parasite Original,4.6,2026-03-08 14:15:00,history,Donnée importée via pipeline ETL vectorisé
U550,Gladiator Legacy,2.9,2026-01-15 10:00:00,history,Donnée importée via pipeline ETL vectorisé
U550,Interstellar Original,5.0,2026-02-03 18:30:00,history,Donnée importée via pipeline ETL vectorisé
U550,Toy Story Evolution,3.5,2026-02-20 21:00:00,history,Donnée importée via pipeline ETL vectorisé
